"ID","Description","GeneRatio","BgRatio","RichFactor","FoldEnrichment","zScore","pvalue","p.adjust","qvalue","geneID","Count"
"GO:0002181","cytoplasmic translation","13/113","171/28928",0.0760233918128655,19.4619883040936,15.1630422667491,1.56006327233257e-13,1.73703016637208e-10,1.25359231890914e-10,"Rpl8/Rps17/Rps23/Rps5/Rps28/Rps25/Rps2/Rplp2/Rpl5/Rps3/Eef2/Rpl29/Rpl22",13
"GO:0140241","translation at synapse","9/113","48/28928",0.1875,48,20.408049065933,2.2597964003106e-13,1.73703016637208e-10,1.25359231890914e-10,"Rpl8/Rps5/Rps28/Rps27/Rplp2/Rpl5/Eef2/Rpl29/Rpl22",9
"GO:0140242","translation at postsynapse","9/113","48/28928",0.1875,48,20.408049065933,2.2597964003106e-13,1.73703016637208e-10,1.25359231890914e-10,"Rpl8/Rps5/Rps28/Rps27/Rplp2/Rpl5/Eef2/Rpl29/Rpl22",9
"GO:0042775","mitochondrial ATP synthesis coupled electron transport","10/113","81/28928",0.123456790123457,31.6049382716049,17.2729015479238,8.204125261843e-13,4.05657069368651e-10,2.92757486954781e-10,"Cox8a/Cox4i1/Cox7a2/Uqcr10/Ndufb9/Chchd2/Cox7c/Iscu/Uqcrb/Ndufs6",10
"GO:0006119","oxidative phosphorylation","12/113","154/28928",0.0779220779220779,19.9480519480519,14.7640808602226,1.04477442285903e-12,4.05657069368651e-10,2.92757486954781e-10,"Cox8a/Cox4i1/Chchd10/Cox7a2/Uqcr10/Ndufb9/Chchd2/Cox7c/Iscu/Uqcrb/Ndufs6/Uqcc2",12
"GO:0042773","ATP synthesis coupled electron transport","10/113","83/28928",0.120481927710843,30.8433734939759,17.0503499197516,1.05548240078574e-12,4.05657069368651e-10,2.92757486954781e-10,"Cox8a/Cox4i1/Cox7a2/Uqcr10/Ndufb9/Chchd2/Cox7c/Iscu/Uqcrb/Ndufs6",10
"GO:0019646","aerobic electron transport chain","9/113","66/28928",0.136363636363636,34.9090909090909,17.2705636178575,4.7047407337333e-12,1.54987601885557e-09,1.11852557895223e-09,"Cox8a/Cox4i1/Cox7a2/Uqcr10/Ndufb9/Cox7c/Iscu/Uqcrb/Ndufs6",9
"GO:0140236","translation at presynapse","8/113","47/28928",0.170212765957447,43.5744680851064,18.2925248623701,1.16747223518747e-11,3.36523871792787e-09,2.42864947872551e-09,"Rpl8/Rps5/Rps28/Rps27/Rplp2/Rpl5/Rpl29/Rpl22",8
"GO:0009060","aerobic respiration","12/113","206/28928",0.058252427184466,14.9126213592233,12.5492232233567,3.24515594115123e-11,8.31481066699415e-09,6.00069186311122e-09,"Cox8a/Cox4i1/Chchd10/Cox7a2/Uqcr10/Ndufb9/Chchd2/Cox7c/Iscu/Uqcrb/Ndufs6/Uqcc2",12
"GO:0022904","respiratory electron transport chain","10/113","118/28928",0.0847457627118644,21.6949152542373,14.1063493258523,3.77499491534226e-11,8.70513827477925e-09,6.28238627490117e-09,"Cox8a/Cox4i1/Cox7a2/Uqcr10/Ndufb9/Chchd2/Cox7c/Iscu/Uqcrb/Ndufs6",10
"GO:0045333","cellular respiration","13/113","271/28928",0.0479704797047971,12.280442804428,11.6836096575493,5.35561318460901e-11,1.1227312730644e-08,8.1026071242745e-09,"Abcc9/Cox8a/Cox4i1/Chchd10/Cox7a2/Uqcr10/Ndufb9/Chchd2/Cox7c/Iscu/Uqcrb/Ndufs6/Uqcc2",13
"GO:0022900","electron transport chain","10/113","127/28928",0.078740157480315,20.1574803149606,13.5493378653846,7.86744288294622e-11,1.51186027400616e-08,1.09109010508228e-08,"Cox8a/Cox4i1/Cox7a2/Uqcr10/Ndufb9/Chchd2/Cox7c/Iscu/Uqcrb/Ndufs6",10
"GO:0015980","energy derivation by oxidation of organic compounds","13/113","380/28928",0.0342105263157895,8.75789473684211,9.53299673797994,3.32098053093425e-09,5.89090854179567e-07,4.25139289020813e-07,"Abcc9/Cox8a/Cox4i1/Chchd10/Cox7a2/Uqcr10/Ndufb9/Chchd2/Cox7c/Iscu/Uqcrb/Ndufs6/Uqcc2",13
"GO:0140694","non-membrane-bounded organelle assembly","13/113","435/28928",0.0298850574712644,7.65057471264368,8.75218166847384,1.65457320129025e-08,2.72531843012522e-06,1.96682724153375e-06,"Negr1/Stard9/Actg1/Rps23/Rps5/Rps28/Rps25/Rps27/Rpl5/Rps3/Tubb5/Prkd1/Rnf213",13
"GO:0030336","negative regulation of cell migration","11/113","326/28928",0.0337423312883436,8.63803680981595,8.68508260596248,6.58408515707346e-08,1.01219335814743e-05,7.30486921637414e-06,"Zeb2/Dlc1/Lrp1/Sp100/Dpep1/Col3a1/Emilin1/Sfrp1/Cd74/Adarb1/Adipor2",11
"GO:2000146","negative regulation of cell motility","11/113","342/28928",0.0321637426900585,8.23391812865497,8.42736016775232,1.06741604066995e-07,1.53841336861557e-05,1.11025313177579e-05,"Zeb2/Dlc1/Lrp1/Sp100/Dpep1/Col3a1/Emilin1/Sfrp1/Cd74/Adarb1/Adipor2",11
"GO:0035924","cellular response to vascular endothelial growth factor stimulus","6/113","62/28928",0.0967741935483871,24.7741935483871,11.7351850610707,1.59847473526975e-07,2.16828396443062e-05,1.56482263557986e-05,"Emilin1/Prkd1/Smoc2/Flt1/Kdr/Ramp2",6
"GO:0040013","negative regulation of locomotion","11/113","360/28928",0.0305555555555556,7.82222222222222,8.15678097943396,1.78467451362289e-07,2.2863663491191e-05,1.65004117312151e-05,"Zeb2/Dlc1/Lrp1/Sp100/Dpep1/Col3a1/Emilin1/Sfrp1/Cd74/Adarb1/Adipor2",11
"GO:0031589","cell-substrate adhesion","11/113","377/28928",0.0291777188328912,7.46949602122016,7.91793752614723,2.8253086870317e-07,3.42903254331321e-05,2.47468866160505e-05,"Dlc1/Lrp1/Abi3bp/Col3a1/Marcks/Emilin1/Sfrp1/Actg1/Rpl29/Smoc2/Kdr",11
"GO:0006123","mitochondrial electron transport, cytochrome c to oxygen","4/113","20/28928",0.2,51.2,14.0634314146114,1.01896003113808e-06,0.00011748609159022,8.47882004857527e-05,"Cox8a/Cox4i1/Cox7a2/Cox7c",4
"GO:0000028","ribosomal small subunit assembly","4/113","22/28928",0.181818181818182,46.5454545454545,13.3827076123866,1.52918267520257e-06,0.000167918821381768,0.000121184852606279,"Rps5/Rps28/Rps25/Rps27",4
"GO:0042255","ribosome assembly","5/113","61/28928",0.0819672131147541,20.983606557377,9.78407041429019,4.15701917513216e-06,0.000431242037126515,0.00031122182895742,"Rps5/Rps28/Rps25/Rps27/Rpl5",5
"GO:0042274","ribosomal small subunit biogenesis","6/113","108/28928",0.0555555555555556,14.2222222222222,8.62086708036752,4.30119984991754e-06,0.000431242037126515,0.00031122182895742,"Rps17/Rps23/Rps5/Rps28/Rps25/Rps27",6
"GO:0090287","regulation of cellular response to growth factor stimulus","9/113","333/28928",0.027027027027027,6.91891891891892,6.80300930005306,6.65874237328206e-06,0.000639794163032851,0.000461731214568374,"Zeb2/Lrp1/Emilin1/Sfrp1/Adamtsl2/Tsc22d1/Ltbp1/Smoc2/Kdr",9
"GO:0045766","positive regulation of angiogenesis","7/113","184/28928",0.0380434782608696,9.73913043478261,7.44706489519216,8.22309465712583e-06,0.000758498251173286,0.000547398427491197,"Emilin1/Ptgis/Prkd1/Smoc2/Flt1/Kdr/Ramp2",7
"GO:1904018","positive regulation of vasculature development","7/113","187/28928",0.0374331550802139,9.58288770053476,7.3736904819713,9.13794482917504e-06,0.000810465414464524,0.000584902460523309,"Emilin1/Ptgis/Prkd1/Smoc2/Flt1/Kdr/Ramp2",7
"GO:0070482","response to oxygen levels","10/113","444/28928",0.0225225225225225,5.76576576576577,6.33731504098527,9.96313685555972e-06,0.000850925688478545,0.000614102119635084,"Zeb2/Epas1/Sfrp1/Abcc9/Ptgis/Chchd2/Ndrg1/Atp6v1g1/Flt1/Kdr",10
"GO:0090092","regulation of transmembrane receptor protein serine/threonine kinase signaling pathway","8/113","275/28928",0.0290909090909091,7.44727272727273,6.72727136102869,1.30225294134172e-05,0.00107249831526215,0.000774008233180925,"Zeb2/Lrp1/Emilin1/Sfrp1/Adamtsl2/Tsc22d1/Ltbp1/Kdr",8
"GO:0071560","cellular response to transforming growth factor beta stimulus","8/113","281/28928",0.0284697508896797,7.28825622775801,6.63323560321157,1.52143149314129e-05,0.00120980035282201,0.000873097346880721,"Zeb2/Lrp1/Col3a1/Emilin1/Sfrp1/Adamtsl2/Tsc22d1/Ltbp1",8
"GO:0141091","transforming growth factor beta receptor superfamily signaling pathway","9/113","371/28928",0.0242587601078167,6.21024258760108,6.32514106967539,1.57484523415601e-05,0.00121053103665458,0.000873624672000226,"Zeb2/Lrp1/Col3a1/Emilin1/Sfrp1/Adamtsl2/Tsc22d1/Ltbp1/Kdr",9
"GO:1903036","positive regulation of response to wounding","5/113","81/28928",0.0617283950617284,15.8024691358025,8.35425936101678,1.68257000151439e-05,0.00125161497532006,0.000903274421865622,"Lrp1/Emilin1/Actg1/Smoc2/Ccn4",5
"GO:0071559","response to transforming growth factor beta","8/113","288/28928",0.0277777777777778,7.11111111111111,6.52696861956355,1.81560405461889e-05,0.00130206433332315,0.000939683074352447,"Zeb2/Lrp1/Col3a1/Emilin1/Sfrp1/Adamtsl2/Tsc22d1/Ltbp1",8
"GO:0036293","response to decreased oxygen levels","9/113","379/28928",0.0237467018469657,6.07915567282322,6.2330022855131,1.86331843016756e-05,0.00130206433332315,0.000939683074352447,"Zeb2/Epas1/Sfrp1/Abcc9/Ptgis/Chchd2/Ndrg1/Flt1/Kdr",9
"GO:0038084","vascular endothelial growth factor signaling pathway","4/113","43/28928",0.0930232558139535,23.8139534883721,9.37519265992059,2.42177894241786e-05,0.00160863303747554,0.00116092976320301,"Emilin1/Smoc2/Flt1/Kdr",4
"GO:0007179","transforming growth factor beta receptor signaling pathway","7/113","218/28928",0.0321100917431193,8.22018348623853,6.70102892466199,2.46148419896288e-05,0.00160863303747554,0.00116092976320301,"Zeb2/Lrp1/Col3a1/Emilin1/Adamtsl2/Tsc22d1/Ltbp1",7
"GO:0017015","regulation of transforming growth factor beta receptor signaling pathway","6/113","147/28928",0.0408163265306122,10.4489795918367,7.1923737313958,2.51130916518298e-05,0.00160863303747554,0.00116092976320301,"Zeb2/Lrp1/Emilin1/Adamtsl2/Tsc22d1/Ltbp1",6
"GO:1903844","regulation of cellular response to transforming growth factor beta stimulus","6/113","150/28928",0.04,10.24,7.10507888666269,2.81408809251029e-05,0.00175386138954831,0.00126573919609069,"Zeb2/Lrp1/Emilin1/Adamtsl2/Tsc22d1/Ltbp1",6
"GO:2001028","positive regulation of endothelial cell chemotaxis","3/113","16/28928",0.1875,48,11.7760702894271,3.13174991873337e-05,0.00185174795293683,0.00133638266928066,"Prkd1/Smoc2/Kdr",3
"GO:0007178","cell surface receptor protein serine/threonine kinase signaling pathway","9/113","405/28928",0.0222222222222222,5.68888888888889,5.95088365821682,3.13175065761216e-05,0.00185174795293683,0.00133638266928066,"Zeb2/Lrp1/Col3a1/Emilin1/Sfrp1/Adamtsl2/Tsc22d1/Ltbp1/Kdr",9
"GO:0045765","regulation of angiogenesis","8/113","319/28928",0.0250783699059561,6.42006269592476,6.09578892369662,3.75865219058822e-05,0.00216686298787411,0.00156379713508421,"Sp100/Emilin1/Ptgis/Prkd1/Smoc2/Flt1/Kdr/Ramp2",8
"GO:0010810","regulation of cell-substrate adhesion","7/113","235/28928",0.0297872340425532,7.62553191489362,6.3862852058659,3.97167328642979e-05,0.00223382404841636,0.00161212207082041,"Dlc1/Lrp1/Abi3bp/Emilin1/Actg1/Smoc2/Kdr",7
"GO:1901342","regulation of vasculature development","8/113","326/28928",0.0245398773006135,6.28220858895706,6.00631013954514,4.38020374883225e-05,0.0024049404392398,0.00173561456814631,"Sp100/Emilin1/Ptgis/Prkd1/Smoc2/Flt1/Kdr/Ramp2",8
"GO:0048010","vascular endothelial growth factor receptor signaling pathway","4/113","51/28928",0.0784313725490196,20.078431372549,8.53951731321612,4.78745195410754e-05,0.00256741028050511,0.0018528669619202,"Emilin1/Prkd1/Flt1/Kdr",4
"GO:0046034","ATP metabolic process","7/113","245/28928",0.0285714285714286,7.31428571428571,6.21550746855079,5.16896999734009e-05,0.0027090101849696,0.00195505779085997,"Abcc9/Ndufb9/Slc4a4/Lipa/Nt5e/Ndufs6/Tpi1",7
"GO:0072331","signal transduction by p53 class mediator","6/113","169/28928",0.0355029585798817,9.08875739644971,6.6041948689029,5.48353180398159e-05,0.00281000540888479,0.00202794474434968,"Sp100/Cd74/Rpl5/Mndal/Ndrg1/Ndufs6",6
"GO:0001666","response to hypoxia","8/113","343/28928",0.0233236151603499,5.97084548104956,5.79949038311334,6.25498250614475e-05,0.00309253980769609,0.00223184618430982,"Epas1/Sfrp1/Abcc9/Ptgis/Chchd2/Ndrg1/Flt1/Kdr",8
"GO:0061042","vascular wound healing","3/113","20/28928",0.15,38.4,10.4775365519217,6.30309501134936e-05,0.00309253980769609,0.00223184618430982,"Smoc2/Adipor2/Kdr",3
"GO:2001026","regulation of endothelial cell chemotaxis","3/113","22/28928",0.136363636363636,34.9090909090909,9.96357273337366,8.46634442644866e-05,0.00406737296820638,0.00293537073206477,"Prkd1/Smoc2/Kdr",3
"GO:0022618","protein-RNA complex assembly","6/113","184/28928",0.0326086956521739,8.34782608695652,6.26146252381828,8.77622241472141e-05,0.00411315835692933,0.00296841345793823,"Celf2/Rps5/Rps28/Rps25/Rps27/Rpl5",6
"GO:0048525","negative regulation of viral process","5/113","115/28928",0.0434782608695652,11.1304347826087,6.8165460525405,9.071022822708e-05,0.00411315835692933,0.00296841345793823,"Sp100/Ifitm2/Cd74/Ly6e/Mndal",5
"GO:0009150","purine ribonucleotide metabolic process","8/113","362/28928",0.0220994475138122,5.65745856353591,5.58418987264923,9.09675091948812e-05,0.00411315835692933,0.00296841345793823,"Abcc9/Ndufb9/Slc4a4/Adcy3/Lipa/Nt5e/Ndufs6/Tpi1",8
"GO:0009205","purine ribonucleoside triphosphate metabolic process","7/113","270/28928",0.0259259259259259,6.63703703703704,5.82762286703686,9.49808575794453e-05,0.00421203572265771,0.00303977198042719,"Abcc9/Ndufb9/Slc4a4/Lipa/Nt5e/Ndufs6/Tpi1",7
"GO:0009199","ribonucleoside triphosphate metabolic process","7/113","277/28928",0.0252707581227437,6.46931407942238,5.72775540154244,0.000111330985008777,0.00458551475712215,0.00330930699365962,"Abcc9/Ndufb9/Slc4a4/Lipa/Nt5e/Ndufs6/Tpi1",7
"GO:0009144","purine nucleoside triphosphate metabolic process","7/113","278/28928",0.0251798561151079,6.44604316546763,5.7137702258124,0.000113842937193801,0.00458551475712215,0.00330930699365962,"Abcc9/Ndufb9/Slc4a4/Lipa/Nt5e/Ndufs6/Tpi1",7
"GO:0071826","protein-RNA complex organization","6/113","193/28928",0.0310880829015544,7.95854922279793,6.07398010405195,0.000114052756388995,0.00458551475712215,0.00330930699365962,"Celf2/Rps5/Rps28/Rps25/Rps27/Rpl5",6
"GO:0051893","regulation of focal adhesion assembly","4/113","64/28928",0.0625,16,7.52288799238192,0.000117061086067715,0.00458551475712215,0.00330930699365962,"Dlc1/Lrp1/Actg1/Kdr",4
"GO:0090109","regulation of cell-substrate junction assembly","4/113","64/28928",0.0625,16,7.52288799238192,0.000117061086067715,0.00458551475712215,0.00330930699365962,"Dlc1/Lrp1/Actg1/Kdr",4
"GO:0090303","positive regulation of wound healing","4/113","64/28928",0.0625,16,7.52288799238192,0.000117061086067715,0.00458551475712215,0.00330930699365962,"Emilin1/Actg1/Smoc2/Ccn4",4
"GO:0050792","regulation of viral process","6/113","194/28928",0.0309278350515464,7.91752577319588,6.05389960759894,0.000117322363690463,0.00458551475712215,0.00330930699365962,"Sp100/Ifitm2/Cd74/Ly6e/Mndal/Adarb1",6
"GO:0009259","ribonucleotide metabolic process","8/113","383/28928",0.02088772845953,5.34725848563969,5.36329190557709,0.000134075545481349,0.00515297013133317,0.0037188322351932,"Abcc9/Ndufb9/Slc4a4/Adcy3/Lipa/Nt5e/Ndufs6/Tpi1",8
"GO:0150116","regulation of cell-substrate junction organization","4/113","69/28928",0.0579710144927536,14.8405797101449,7.20808326337266,0.00015690313345763,0.00579101292433048,0.00417929950854361,"Dlc1/Lrp1/Actg1/Kdr",4
"GO:0019693","ribose phosphate metabolic process","8/113","392/28928",0.0204081632653061,5.22448979591837,5.27354138248773,0.000157116674291134,0.00579101292433048,0.00417929950854361,"Abcc9/Ndufb9/Slc4a4/Adcy3/Lipa/Nt5e/Ndufs6/Tpi1",8
"GO:0060055","angiogenesis involved in wound healing","3/113","27/28928",0.111111111111111,28.4444444444444,8.93431989653947,0.000158533194261486,0.00579101292433048,0.00417929950854361,"Smoc2/Adipor2/Kdr",3
"GO:0009141","nucleoside triphosphate metabolic process","7/113","294/28928",0.0238095238095238,6.09523809523809,5.49893701672812,0.000160721954534758,0.00579101292433048,0.00417929950854361,"Abcc9/Ndufb9/Slc4a4/Lipa/Nt5e/Ndufs6/Tpi1",7
"GO:0071453","cellular response to oxygen levels","6/113","210/28928",0.0285714285714286,7.31428571428571,5.75093406892549,0.000180550599255042,0.0064053797212635,0.00462268012019793,"Epas1/Sfrp1/Ptgis/Chchd2/Ndrg1/Atp6v1g1",6
"GO:0030330","DNA damage response, signal transduction by p53 class mediator","4/113","72/28928",0.0555555555555556,14.2222222222222,7.03451634525987,0.000185048303270639,0.00646547556578931,0.00466605051787689,"Sp100/Cd74/Ndrg1/Ndufs6",4
"GO:0006120","mitochondrial electron transport, NADH to ubiquinone","3/113","29/28928",0.103448275862069,26.4827586206897,8.59776636622918,0.000196920976186581,0.00677760852367545,0.0048913128570461,"Ndufb9/Iscu/Ndufs6",3
"GO:1901888","regulation of cell junction assembly","7/113","309/28928",0.0226537216828479,5.79935275080906,5.31148906324802,0.000217828588497147,0.00738695183932972,0.00533106808690386,"Dlc1/Lrp1/Negr1/Abi3bp/Actg1/Srpx2/Kdr",7
"GO:0002040","sprouting angiogenesis","5/113","141/28928",0.0354609929078014,9.07801418439716,6.02140129217438,0.000235765411157966,0.00787934837869956,0.00568642433319213,"Rnf213/Srpx2/Flt1/Kdr/Ramp2",5
"GO:0035767","endothelial cell chemotaxis","3/113","31/28928",0.0967741935483871,24.7741935483871,8.29357677881498,0.000240870191893726,0.00793495232152759,0.00572655298321775,"Prkd1/Smoc2/Kdr",3
"GO:0042254","ribosome biogenesis","7/113","320/28928",0.021875,5.6,5.18168108202461,0.000269315878231164,0.00874707627043751,0.00631265238670823,"Rps17/Rps23/Rps5/Rps28/Rps25/Rps27/Rpl5",7
"GO:1903715","regulation of aerobic respiration","3/113","33/28928",0.0909090909090909,23.2727272727273,8.01679221382807,0.000290709001605572,0.0093107633014229,0.00671945806342704,"Cox7a2/Iscu/Uqcc2",3
"GO:0048872","homeostasis of number of cells","8/113","431/28928",0.0185614849187935,4.75174013921114,4.91420671703082,0.000297972898767883,0.00941267814464024,0.00679300869433342,"Epas1/Cadps2/Emcn/Cd74/Rps17/Slc25a5/Tnfsf13b/Lipa",8
"GO:0046597","negative regulation of viral entry into host cell","3/113","34/28928",0.0882352941176471,22.5882352941176,7.88740923764303,0.0003179372343988,0.00990761165572478,0.00715019584046235,"Ifitm2/Cd74/Ly6e",3
"GO:0030198","extracellular matrix organization","7/113","333/28928",0.021021021021021,5.38138138138138,5.03581459603116,0.000342347060585246,0.0103586367144723,0.0074756948215551,"Adamts5/Abi3bp/Col3a1/Emilin1/Adamtsl2/Smoc2/Ramp2",7
"GO:0043542","endothelial cell migration","6/113","237/28928",0.0253164556962025,6.48101265822785,5.30571286272509,0.000345508940461622,0.0103586367144723,0.0074756948215551,"Zeb2/Sp100/Prkd1/Smoc2/Srpx2/Kdr",6
"GO:0045229","external encapsulating structure organization","7/113","334/28928",0.0209580838323353,5.36526946107784,5.02491178321356,0.000348563854304603,0.0103586367144723,0.0074756948215551,"Adamts5/Abi3bp/Col3a1/Emilin1/Adamtsl2/Smoc2/Ramp2",7
"GO:0048144","fibroblast proliferation","5/113","154/28928",0.0324675324675325,8.31168831168831,5.6971744512031,0.000354167139902726,0.0103586367144723,0.0074756948215551,"Col3a1/Sfrp1/Abcc9/Cd74/Rpl29",5
"GO:0043062","extracellular structure organization","7/113","335/28928",0.0208955223880597,5.34925373134328,5.01405269325351,0.00035487090218704,0.0103586367144723,0.0074756948215551,"Adamts5/Abi3bp/Col3a1/Emilin1/Adamtsl2/Smoc2/Ramp2",7
"GO:0060326","cell chemotaxis","7/113","337/28928",0.0207715133531157,5.31750741839763,4.99246441140415,0.000367759606725463,0.0103844429321117,0.00749431883675014,"Dpep1/Cd74/Prkd1/Smoc2/Flt1/Kdr/Cxcl14",7
"GO:0006690","icosanoid metabolic process","5/113","156/28928",0.032051282051282,8.2051282051282,5.65067843963558,0.000375764366866666,0.0103844429321117,0.00749431883675014,"Dpep1/Gstm1/Cd74/Ptgis/Gpx4",5
"GO:0090101","negative regulation of transmembrane receptor protein serine/threonine kinase signaling pathway","5/113","156/28928",0.032051282051282,8.2051282051282,5.65067843963558,0.000375764366866666,0.0103844429321117,0.00749431883675014,"Lrp1/Emilin1/Sfrp1/Adamtsl2/Ltbp1",5
"GO:0007160","cell-matrix adhesion","6/113","241/28928",0.024896265560166,6.37344398340249,5.2456618098902,0.00037763404157852,0.0103844429321117,0.00749431883675014,"Dlc1/Lrp1/Col3a1/Emilin1/Actg1/Kdr",6
"GO:2001233","regulation of apoptotic signaling pathway","8/113","447/28928",0.0178970917225951,4.58165548098434,4.77904985424007,0.000379777319998245,0.0103844429321117,0.00749431883675014,"Tpt1/Sp100/Sfrp1/Cd74/Gnai2/Rps3/Slc25a5/Pea15a",8
"GO:0048041","focal adhesion assembly","4/113","87/28928",0.0459770114942529,11.7701149425287,6.30023015270943,0.000382774349188851,0.0103844429321117,0.00749431883675014,"Dlc1/Lrp1/Actg1/Kdr",4
"GO:0022613","ribonucleoprotein complex biogenesis","8/113","452/28928",0.0176991150442478,4.53097345132743,4.73811704743947,0.000408799182084012,0.0109615222544852,0.00791078955783137,"Celf2/Rps17/Rps23/Rps5/Rps28/Rps25/Rps27/Rpl5",8
"GO:0006163","purine nucleotide metabolic process","8/113","456/28928",0.0175438596491228,4.49122807017544,4.70579779774979,0.000433295309001382,0.0114848158914619,0.00828844384187761,"Abcc9/Ndufb9/Slc4a4/Adcy3/Lipa/Nt5e/Ndufs6/Tpi1",8
"GO:1902229","regulation of intrinsic apoptotic signaling pathway in response to DNA damage","3/113","38/28928",0.0789473684210526,20.2105263157895,7.42059788907164,0.000443150473527462,0.0115010979252059,0.00830019437611288,"Tpt1/Cd74/Rps3",3
"GO:0071456","cellular response to hypoxia","5/113","162/28928",0.0308641975308642,7.90123456790123,5.5160242374225,0.000446558798537152,0.0115010979252059,0.00830019437611288,"Epas1/Sfrp1/Ptgis/Chchd2/Ndrg1",5
"GO:0055001","muscle cell development","6/113","249/28928",0.0240963855421687,6.16867469879518,5.12954068706298,0.000448871991877072,0.0115010979252059,0.00830019437611288,"Meis1/Actg1/Prkd1/Ccn4/Ramp2/Speg",6
"GO:1903900","regulation of viral life cycle","5/113","163/28928",0.0306748466257669,7.85276073619632,5.4942547119746,0.000459271508566533,0.0116382428434552,0.00839917009882809,"Ifitm2/Cd74/Ly6e/Mndal/Adarb1",5
"GO:0046825","regulation of protein export from nucleus","3/113","39/28928",0.0769230769230769,19.6923076923077,7.31493679496984,0.000478718328195348,0.0118701555356825,0.00856653850454834,"Sp100/Prkd1/Camk1",3
"GO:1903901","negative regulation of viral life cycle","3/113","39/28928",0.0769230769230769,19.6923076923077,7.31493679496984,0.000478718328195348,0.0118701555356825,0.00856653850454834,"Ifitm2/Cd74/Ly6e",3
"GO:0043467","regulation of generation of precursor metabolites and energy","5/113","167/28928",0.029940119760479,7.66467065868263,5.40899456791319,0.000512868662274201,0.0124653314747829,0.00899606932105344,"Cox7a2/Chchd2/Slc4a4/Iscu/Uqcc2",5
"GO:0140962","multicellular organismal-level chemical homeostasis","4/113","94/28928",0.0425531914893617,10.8936170212766,6.01655903332271,0.000513532736385246,0.0124653314747829,0.00899606932105344,"Epas1/Aqp2/Lipa/Kdr",4
"GO:0031331","positive regulation of cellular catabolic process","6/113","258/28928",0.0232558139534884,5.95348837209302,5.00482345022107,0.00054111081580944,0.0128700429435771,0.00928814438024164,"Pip4k2a/Gpsm1/Slc4a4/Slc25a5/Prkd1/Kdr",6
"GO:0050921","positive regulation of chemotaxis","5/113","169/28928",0.029585798816568,7.57396449704142,5.36741806828904,0.000541367808120979,0.0128700429435771,0.00928814438024164,"Cd74/Prkd1/Smoc2/Kdr/Cxcl14",5
"GO:0006631","fatty acid metabolic process","8/113","478/28928",0.0167364016736402,4.28451882845188,4.53446627632271,0.000590297410377052,0.0138900594727498,0.0100242771837392,"Gstm1/Abcc9/Cd74/Ptgis/Gpx4/Lipa/Ndufs6/Adipor2",8
"GO:0007044","cell-substrate junction assembly","4/113","98/28928",0.0408163265306122,10.4489795918367,5.86755589217939,0.000601069251620285,0.0139915130054296,0.0100974948927668,"Dlc1/Lrp1/Actg1/Kdr",4
"GO:0006935","chemotaxis","8/113","481/28928",0.0166320166320166,4.25779625779626,4.51190378088183,0.000614878399701021,0.0139915130054296,0.0100974948927668,"Lrp1/Dpep1/Cd74/Prkd1/Smoc2/Flt1/Kdr/Cxcl14",8
"GO:0016239","positive regulation of macroautophagy","4/113","99/28928",0.0404040404040404,10.3434343434343,5.83164332692278,0.000624507111890762,0.0139915130054296,0.0100974948927668,"Pip4k2a/Gpsm1/Slc25a5/Kdr",4
"GO:0042330","taxis","8/113","483/28928",0.0165631469979296,4.24016563146998,4.49696404299955,0.000631721039490578,0.0139915130054296,0.0100974948927668,"Lrp1/Dpep1/Cd74/Prkd1/Smoc2/Flt1/Kdr/Cxcl14",8
"GO:1990845","adaptive thermogenesis","5/113","175/28928",0.0285714285714286,7.31428571428571,5.24666432031082,0.00063403525328462,0.0139915130054296,0.0100974948927668,"Epas1/Adamts5/Slc25a5/Lipa/Adipor2",5
"GO:0030512","negative regulation of transforming growth factor beta receptor signaling pathway","4/113","100/28928",0.04,10.24,5.79623949910504,0.000648586019468579,0.0139915130054296,0.0100974948927668,"Lrp1/Emilin1/Adamtsl2/Ltbp1",4
"GO:0010508","positive regulation of autophagy","5/113","176/28928",0.0284090909090909,7.27272727272727,5.22709408424086,0.000650566288089254,0.0139915130054296,0.0100974948927668,"Pip4k2a/Gpsm1/Slc25a5/Prkd1/Kdr",5
"GO:0071900","regulation of protein serine/threonine kinase activity","6/113","268/28928",0.0223880597014925,5.73134328358209,4.87298832730405,0.000660220872316915,0.0139915130054296,0.0100974948927668,"Zeb2/Sfrp1/Synpo2/Rps3/Flt1/Camk1",6
"GO:0048050","post-embryonic eye morphogenesis","2/113","10/28928",0.2,51.2,9.9426281668784,0.000666801722231821,0.0139915130054296,0.0100974948927668,"Flt1/Kdr",2
"GO:0001935","endothelial cell proliferation","5/113","177/28928",0.0282485875706215,7.2316384180791,5.20767663683859,0.000667418226625001,0.0139915130054296,0.0100974948927668,"Zeb2/Prkd1/Lipa/Flt1/Kdr",5
"GO:0051017","actin filament bundle assembly","5/113","177/28928",0.0282485875706215,7.2316384180791,5.20767663683859,0.000667418226625001,0.0139915130054296,0.0100974948927668,"Zeb2/Dlc1/Marcks/Synpo2/Actg1",5
"GO:1903034","regulation of response to wounding","5/113","177/28928",0.0282485875706215,7.2316384180791,5.20767663683859,0.000667418226625001,0.0139915130054296,0.0100974948927668,"Lrp1/Emilin1/Actg1/Smoc2/Ccn4",5
"GO:0042692","muscle cell differentiation","8/113","491/28928",0.0162932790224033,4.17107942973523,4.43800293481358,0.000702864488029448,0.0146018514359992,0.0105379682842537,"Meis1/Adamts5/Actg1/Prkd1/Ccn4/Camk1/Ramp2/Speg",8
"GO:0061572","actin filament bundle organization","5/113","180/28928",0.0277777777777778,7.11111111111111,5.15032010200477,0.000719939249988771,0.0148230349149474,0.0106975935548144,"Zeb2/Dlc1/Marcks/Synpo2/Actg1",5
"GO:0010594","regulation of endothelial cell migration","5/113","181/28928",0.0276243093922652,7.07182320441989,5.13149308590175,0.000738114669967578,0.0150627648579224,0.0108706035698066,"Sp100/Prkd1/Smoc2/Srpx2/Kdr",5
"GO:0150115","cell-substrate junction organization","4/113","105/28928",0.0380952380952381,9.75238095238095,5.6264294623478,0.000778939734235527,0.0157564476065537,0.0113712254831613,"Dlc1/Lrp1/Actg1/Kdr",4
"GO:0031077","post-embryonic camera-type eye development","2/113","11/28928",0.181818181818182,46.5454545454545,9.46120327331349,0.00081289988605473,0.0160217704037796,0.0115627055317366,"Flt1/Kdr",2
"GO:0048251","elastic fiber assembly","2/113","11/28928",0.181818181818182,46.5454545454545,9.46120327331349,0.00081289988605473,0.0160217704037796,0.0115627055317366,"Col3a1/Emilin1",2
"GO:2001214","positive regulation of vasculogenesis","2/113","11/28928",0.181818181818182,46.5454545454545,9.46120327331349,0.00081289988605473,0.0160217704037796,0.0115627055317366,"Kdr/Ramp2",2
"GO:0002791","regulation of peptide secretion","6/113","281/28928",0.0213523131672598,5.46619217081851,4.71121147822893,0.000844369640088714,0.0163623226054166,0.0118084776734211,"Lrp1/Sfrp1/Cd74/Tbc1d1/Prkd1/Uqcc2",6
"GO:0090087","regulation of peptide transport","6/113","281/28928",0.0213523131672598,5.46619217081851,4.71121147822893,0.000844369640088714,0.0163623226054166,0.0118084776734211,"Lrp1/Sfrp1/Cd74/Tbc1d1/Prkd1/Uqcc2",6
"GO:0002244","hematopoietic progenitor cell differentiation","5/113","190/28928",0.0263157894736842,6.73684210526316,4.96824535095261,0.000917523893423436,0.0176166055088543,0.0127136775046782,"Sfrp1/Eef2/Lipa/Flt1/Kdr",5
"GO:0042060","wound healing","7/113","394/28928",0.0177664974619289,4.54822335025381,4.44078083061562,0.000924375224011867,0.0176166055088543,0.0127136775046782,"Col3a1/Emilin1/Actg1/Smoc2/Ccn4/Adipor2/Kdr",7
"GO:0007517","muscle organ development","7/113","395/28928",0.0177215189873418,4.53670886075949,4.43206118955451,0.000938066521930418,0.0177309950784553,0.0127962309850905,"Negr1/Col3a1/Abcc9/Ly6e/Adarb1/Cd164/Uqcc2",7
"GO:0036294","cellular response to decreased oxygen levels","5/113","192/28928",0.0260416666666667,6.66666666666667,4.93340456217766,0.000961443236711627,0.0178072793098087,0.0128512843332302,"Epas1/Sfrp1/Ptgis/Chchd2/Ndrg1",5
"GO:0010764","negative regulation of fibroblast migration","2/113","12/28928",0.166666666666667,42.6666666666667,9.0404881414481,0.000972990977032043,0.0178072793098087,0.0128512843332302,"Zeb2/Adipor2",2
"GO:0060837","blood vessel endothelial cell differentiation","2/113","12/28928",0.166666666666667,42.6666666666667,9.0404881414481,0.000972990977032043,0.0178072793098087,0.0128512843332302,"Lipa/Kdr",2
"GO:2000434","regulation of protein neddylation","2/113","12/28928",0.166666666666667,42.6666666666667,9.0404881414481,0.000972990977032043,0.0178072793098087,0.0128512843332302,"Epas1/Rpl5",2
"GO:0085029","extracellular matrix assembly","3/113","50/28928",0.06,15.36,6.3641073044294,0.000995142608596154,0.0179281160579901,0.0129384906594615,"Col3a1/Emilin1/Ramp2",3
"GO:1902041","regulation of extrinsic apoptotic signaling pathway via death domain receptors","3/113","50/28928",0.06,15.36,6.3641073044294,0.000995142608596154,0.0179281160579901,0.0129384906594615,"Sp100/Sfrp1/Pea15a",3
"GO:0060541","respiratory system development","6/113","293/28928",0.0204778156996587,5.24232081911263,4.57056965907531,0.00104739517417776,0.0186329517145612,0.0134471614829603,"Epas1/Col3a1/Adamtsl2/Lipa/Kdr/Speg",6
"GO:0010595","positive regulation of endothelial cell migration","4/113","114/28928",0.0350877192982456,8.98245614035088,5.34772170234403,0.00105850679731462,0.0186329517145612,0.0134471614829603,"Prkd1/Smoc2/Srpx2/Kdr",4
"GO:0097250","mitochondrial respirasome assembly","4/113","114/28928",0.0350877192982456,8.98245614035088,5.34772170234403,0.00105850679731462,0.0186329517145612,0.0134471614829603,"Cox7a2/Ndufb9/Ndufs6/Uqcc2",4
"GO:0006122","mitochondrial electron transport, ubiquinol to cytochrome c","2/113","13/28928",0.153846153846154,39.3846153846154,8.66859830747377,0.00114696539354639,0.0200371378599847,0.0144605445549988,"Uqcr10/Uqcrb",2
"GO:0046032","ADP catabolic process","4/113","117/28928",0.0341880341880342,8.75213675213675,5.26158750536734,0.00116553940925463,0.0202085253965503,0.0145842327347176,"Slc4a4/Lipa/Nt5e/Tpi1",4
"GO:0046596","regulation of viral entry into host cell","3/113","54/28928",0.0555555555555556,14.2222222222222,6.0901706695667,0.0012451717004225,0.0214281040386141,0.0154643869471169,"Ifitm2/Cd74/Ly6e",3
"GO:0032970","regulation of actin filament-based process","7/113","416/28928",0.0168269230769231,4.30769230769231,4.25539162961881,0.00126449323034143,0.0215994176975359,0.0155880218102909,"Zeb2/Dlc1/Lrp1/Frmd6/Synpo2/Actg1/Prkd1",7
"GO:0009137","purine nucleoside diphosphate catabolic process","4/113","121/28928",0.0330578512396694,8.46280991735537,5.15142826363854,0.00131975329488083,0.0222142415912058,0.0160317323027783,"Slc4a4/Lipa/Nt5e/Tpi1",4
"GO:0009181","purine ribonucleoside diphosphate catabolic process","4/113","121/28928",0.0330578512396694,8.46280991735537,5.15142826363854,0.00131975329488083,0.0222142415912058,0.0160317323027783,"Slc4a4/Lipa/Nt5e/Tpi1",4
"GO:1902043","positive regulation of extrinsic apoptotic signaling pathway via death domain receptors","2/113","14/28928",0.142857142857143,36.5714285714286,8.33667448218996,0.00133471416354072,0.0223032671096007,0.0160959808738206,"Sfrp1/Pea15a",2
"GO:0046031","ADP metabolic process","4/113","122/28928",0.0327868852459016,8.39344262295082,5.12467999585804,0.00136042662613475,0.0225693798551564,0.0162880310179405,"Slc4a4/Lipa/Nt5e/Tpi1",4
"GO:0043457","regulation of cellular respiration","3/113","57/28928",0.0526315789473684,13.4736842105263,5.90313706339861,0.00145644055750624,0.0239896566114957,0.0173130264768224,"Cox7a2/Iscu/Uqcc2",3
"GO:0009191","ribonucleoside diphosphate catabolic process","4/113","125/28928",0.032,8.192,5.04623452508518,0.00148769139299266,0.0243306124272417,0.0175590899016155,"Slc4a4/Lipa/Nt5e/Tpi1",4
"GO:0140042","lipid droplet formation","2/113","15/28928",0.133333333333333,34.1333333333333,8.0379590382177,0.00153612894134346,0.024771421949217,0.0178772164612736,"Negr1/Rnf213",2
"GO:2000343","positive regulation of chemokine (C-X-C motif) ligand 2 production","2/113","15/28928",0.133333333333333,34.1333333333333,8.0379590382177,0.00153612894134346,0.024771421949217,0.0178772164612736,"Lrp1/Cd74",2
"GO:0055002","striated muscle cell development","5/113","215/28928",0.0232558139534884,5.95348837209302,4.56533551256084,0.00158615687545058,0.0254005399638128,0.018331242836896,"Meis1/Actg1/Prkd1/Ccn4/Speg",5
"GO:0052372","modulation by symbiont of entry into host","3/113","59/28928",0.0508474576271186,13.0169491525424,5.78610041944157,0.00160902847282795,0.0255891010920087,0.0184673249767041,"Ifitm2/Cd74/Ly6e",3
"GO:0009134","nucleoside diphosphate catabolic process","4/113","128/28928",0.03125,8,4.97036621437605,0.00162302887861202,0.025634962973146,0.0185004229061687,"Slc4a4/Lipa/Nt5e/Tpi1",4
"GO:0006364","rRNA processing","5/113","217/28928",0.0230414746543779,5.89861751152074,4.53587257549487,0.00165185732366857,0.0258454756991057,0.0186523472316091,"Rps17/Rps28/Rps25/Rps27/Rpl5",5
"GO:0009135","purine nucleoside diphosphate metabolic process","4/113","129/28928",0.0310077519379845,7.93798449612403,4.94562386987118,0.00166998086694135,0.0258454756991057,0.0186523472316091,"Slc4a4/Lipa/Nt5e/Tpi1",4
"GO:0009179","purine ribonucleoside diphosphate metabolic process","4/113","129/28928",0.0310077519379845,7.93798449612403,4.94562386987118,0.00166998086694135,0.0258454756991057,0.0186523472316091,"Slc4a4/Lipa/Nt5e/Tpi1",4
"GO:0016236","macroautophagy","6/113","323/28928",0.0185758513931889,4.75541795665635,4.25030573674841,0.00171939554590888,0.0263924262901758,0.0190470744350061,"Pip4k2a/Synpo2/Gpsm1/Slc25a5/Rnf213/Kdr",6
"GO:0051895","negative regulation of focal adhesion assembly","2/113","16/28928",0.125,32,7.7671952972817,0.00175110200450863,0.0263924262901758,0.0190470744350061,"Dlc1/Lrp1",2
"GO:0150118","negative regulation of cell-substrate junction organization","2/113","16/28928",0.125,32,7.7671952972817,0.00175110200450863,0.0263924262901758,0.0190470744350061,"Dlc1/Lrp1",2
"GO:2001212","regulation of vasculogenesis","2/113","16/28928",0.125,32,7.7671952972817,0.00175110200450863,0.0263924262901758,0.0190470744350061,"Kdr/Ramp2",2
"GO:0043536","positive regulation of blood vessel endothelial cell migration","3/113","61/28928",0.0491803278688525,12.5901639344262,5.67460031411252,0.00177126887877694,0.0265230261977898,0.0191413267077672,"Prkd1/Srpx2/Kdr",3
"GO:0001952","regulation of cell-matrix adhesion","4/113","132/28928",0.0303030303030303,7.75757575757576,4.87296636694689,0.00181649144732545,0.0268514697277724,0.0193783601769335,"Dlc1/Lrp1/Actg1/Kdr",4
"GO:0061041","regulation of wound healing","4/113","132/28928",0.0303030303030303,7.75757575757576,4.87296636694689,0.00181649144732545,0.0268514697277724,0.0193783601769335,"Emilin1/Actg1/Smoc2/Ccn4",4
"GO:0006693","prostaglandin metabolic process","3/113","64/28928",0.046875,12,5.51678452774674,0.00203319482486984,0.02986335838312,0.0215520014624151,"Gstm1/Cd74/Ptgis",3
"GO:0006692","prostanoid metabolic process","3/113","65/28928",0.0461538461538462,11.8153846153846,5.46650210395625,0.00212555763454041,0.0310223791471531,0.0223884518335003,"Gstm1/Cd74/Ptgis",3
"GO:0006611","protein export from nucleus","3/113","66/28928",0.0454545454545455,11.6363636363636,5.41730815895263,0.00222048941753923,0.0320028037302841,0.02309601163901,"Sp100/Prkd1/Camk1",3
"GO:0043506","regulation of JUN kinase activity","3/113","66/28928",0.0454545454545455,11.6363636363636,5.41730815895263,0.00222048941753923,0.0320028037302841,0.02309601163901,"Zeb2/Sfrp1/Rps3",3
"GO:0009185","ribonucleoside diphosphate metabolic process","4/113","140/28928",0.0285714285714286,7.31428571428571,4.68990567091721,0.00225035299798244,0.0321098826092499,0.0231732890880651,"Slc4a4/Lipa/Nt5e/Tpi1",4
"GO:0002790","peptide secretion","6/113","341/28928",0.0175953079178886,4.50439882697947,4.0765054992871,0.00225576798902797,0.0321098826092499,0.0231732890880651,"Lrp1/Sfrp1/Cd74/Tbc1d1/Prkd1/Uqcc2",6
"GO:0050920","regulation of chemotaxis","5/113","235/28928",0.0212765957446809,5.4468085106383,4.28623509321121,0.00233650238374692,0.0330550582633153,0.0238554101950525,"Cd74/Prkd1/Smoc2/Kdr/Cxcl14",5
"GO:0034341","response to type II interferon","4/113","143/28928",0.027972027972028,7.16083916083916,4.62494295427366,0.00242997608479553,0.0341678344606006,0.0246584864573924,"Sp100/Ifitm2/Cd74/Actg1",4
"GO:1900119","positive regulation of execution phase of apoptosis","2/113","19/28928",0.105263157894737,26.9473684210526,7.08492393294576,0.0024763029641563,0.0346082099111783,0.0249762997533085,"Dlc1/Ptgis",2
"GO:0010811","positive regulation of cell-substrate adhesion","4/113","144/28928",0.0277777777777778,7.11111111111111,4.60370472343665,0.00249197789021154,0.0346174759929386,0.0249829869652786,"Abi3bp/Emilin1/Smoc2/Kdr",4
"GO:0043903","regulation of biological process involved in symbiotic interaction","3/113","69/28928",0.0434782608695652,11.1304347826087,5.27586408491883,0.002520941922459,0.0348101321747931,0.0251220244526169,"Ifitm2/Cd74/Ly6e",3
"GO:0030098","lymphocyte differentiation","7/113","472/28928",0.0148305084745763,3.79661016949153,3.8361679567158,0.00257837573181302,0.0353212996681496,0.0254909274548521,"Pbx1/Sfrp1/Cd74/Slc25a5/Rpl22/Tnfsf13b/Lipa",7
"GO:0015833","peptide transport","6/113","351/28928",0.0170940170940171,4.37606837606838,3.9850895251769,0.00260361928830335,0.0353212996681496,0.0254909274548521,"Lrp1/Sfrp1/Cd74/Tbc1d1/Prkd1/Uqcc2",6
"GO:0010976","positive regulation of neuron projection development","5/113","241/28928",0.020746887966805,5.31120331950208,4.20868156021307,0.00260486566231431,0.0353212996681496,0.0254909274548521,"Lrp1/Negr1/Marcks/Prkd1/Camk1",5
"GO:0009132","nucleoside diphosphate metabolic process","4/113","146/28928",0.0273972602739726,7.01369863013699,4.56183119990612,0.00261922907339704,0.0353212996681496,0.0254909274548521,"Slc4a4/Lipa/Nt5e/Tpi1",4
"GO:0016241","regulation of macroautophagy","4/113","147/28928",0.0272108843537415,6.96598639455782,4.54118917381866,0.00268449715698511,0.0359909909535329,0.0259742350379036,"Pip4k2a/Gpsm1/Slc25a5/Kdr",4
"GO:0007015","actin filament organization","7/113","476/28928",0.0147058823529412,3.76470588235294,3.80870749440062,0.00270185100212085,0.0360142682710444,0.0259910339784184,"Zeb2/Dlc1/Marcks/Synpo2/Actg1/Aqp2/Marcksl1",7
"GO:0050862","positive regulation of T cell receptor signaling pathway","2/113","20/28928",0.1,25.6,6.89164168923189,0.00274444429904994,0.0363717732966044,0.0262490407549786,"Rps3/Lipa",2
"GO:0072089","stem cell proliferation","4/113","149/28928",0.0268456375838926,6.87248322147651,4.50047834973437,0.0028183648567057,0.037137996340362,0.026802014065875,"Pbx1/Tsc22d1/Ndufs6/Kdr",4
"GO:0035264","multicellular organism growth","5/113","246/28928",0.0203252032520325,5.20325203252033,4.14600553022861,0.00284504218461432,0.0372765186234126,0.0269019838150433,"Col3a1/Gpx4/Rpl29/Adarb1/Ndufs6",5
"GO:0016032","viral process","6/113","359/28928",0.0167130919220056,4.27855153203343,3.91438308989989,0.00290976575060219,0.0379091515304443,0.0273585468433069,"Sp100/Ifitm2/Cd74/Ly6e/Mndal/Adarb1",6
"GO:0009154","purine ribonucleotide catabolic process","4/113","151/28928",0.0264900662251656,6.78145695364238,4.46051104648561,0.00295673631684503,0.0383046850935092,0.0276439983260319,"Slc4a4/Lipa/Nt5e/Tpi1",4
"GO:0042415","norepinephrine metabolic process","2/113","21/28928",0.0952380952380952,24.3809523809524,6.71199989624428,0.00302561454589228,0.0385473322808155,0.0278191136787188,"Epas1/Ly6e",2
"GO:0046827","positive regulation of protein export from nucleus","2/113","21/28928",0.0952380952380952,24.3809523809524,6.71199989624428,0.00302561454589228,0.0385473322808155,0.0278191136787188,"Prkd1/Camk1",2
"GO:0048143","astrocyte activation","2/113","21/28928",0.0952380952380952,24.3809523809524,6.71199989624428,0.00302561454589228,0.0385473322808155,0.0278191136787188,"Zeb2/Lrp1",2
"GO:0051347","positive regulation of transferase activity","6/113","364/28928",0.0164835164835165,4.21978021978022,3.87123036160412,0.00311433683662347,0.0393454601121765,0.0283951122642767,"Zeb2/Cd74/Rps2/Rps3/Flt1/Camk1",6
"GO:0060348","bone development","5/113","252/28928",0.0198412698412698,5.07936507936508,4.07300708919582,0.00315395473988385,0.0393454601121765,0.0283951122642767,"Bgn/Col3a1/Ccn4/Lipa/Kdr",5
"GO:0072522","purine-containing compound biosynthetic process","5/113","252/28928",0.0198412698412698,5.07936507936508,4.07300708919582,0.00315395473988385,0.0393454601121765,0.0283951122642767,"Ndufb9/Adcy3/Lipa/Nt5e/Ndufs6",5
"GO:0051146","striated muscle cell differentiation","6/113","365/28928",0.0164383561643836,4.20821917808219,3.862692714711,0.00315650915904278,0.0393454601121765,0.0283951122642767,"Meis1/Adamts5/Actg1/Prkd1/Ccn4/Speg",6
"GO:0045859","regulation of protein kinase activity","7/113","494/28928",0.01417004048583,3.62753036437247,3.68870433438096,0.00331475727601921,0.0403289159545038,0.0291048596905421,"Zeb2/Sfrp1/Synpo2/Rps3/Adarb1/Flt1/Camk1",7
"GO:0019886","antigen processing and presentation of exogenous peptide antigen via MHC class II","2/113","22/28928",0.0909090909090909,23.2727272727273,6.54443785436072,0.00331970965605506,0.0403289159545038,0.0291048596905421,"Cd74/H2-Eb1",2
"GO:0090050","positive regulation of cell migration involved in sprouting angiogenesis","2/113","22/28928",0.0909090909090909,23.2727272727273,6.54443785436072,0.00331970965605506,0.0403289159545038,0.0291048596905421,"Srpx2/Kdr",2
"GO:1901028","regulation of mitochondrial outer membrane permeabilization involved in apoptotic signaling pathway","2/113","22/28928",0.0909090909090909,23.2727272727273,6.54443785436072,0.00331970965605506,0.0403289159545038,0.0291048596905421,"Chchd10/Slc25a5",2
"GO:0071902","positive regulation of protein serine/threonine kinase activity","4/113","156/28928",0.0256410256410256,6.56410256410256,4.36369117936271,0.003322850837535,0.0403289159545038,0.0291048596905421,"Zeb2/Rps3/Flt1/Camk1",4
"GO:0003018","vascular process in circulatory system","5/113","256/28928",0.01953125,5,4.02561824331324,0.00337289837047299,0.0407220085984855,0.0293885495933745,"Zeb2/Lrp1/Abcc9/Kdr/Ramp2",5
"GO:2001234","negative regulation of apoptotic signaling pathway","5/113","257/28928",0.0194552529182879,4.98054474708171,4.01392505365462,0.00342930130968533,0.0408101151238616,0.0294521349389808,"Tpt1/Cd74/Gnai2/Slc25a5/Pea15a",5
"GO:0035904","aorta development","3/113","77/28928",0.038961038961039,9.97402597402597,4.93780411171446,0.00344102618126419,0.0408101151238616,0.0294521349389808,"Lrp1/Col3a1/Ltbp1",3
"GO:0051235","maintenance of location","6/113","372/28928",0.0161290322580645,4.12903225806452,3.80377159790802,0.00346377975513559,0.0408101151238616,0.0294521349389808,"Negr1/Sp100/Ltbp1/Prkd1/Rnf213/Lipa",6
"GO:0009410","response to xenobiotic stimulus","7/113","498/28928",0.0140562248995984,3.59839357429719,3.66279643390151,0.00346433323717418,0.0408101151238616,0.0294521349389808,"Dpep1/Gstm1/Sfrp1/Abcc9/Lipa/Adipor2/Kdr",7
"GO:0033559","unsaturated fatty acid metabolic process","4/113","158/28928",0.0253164556962025,6.48101265822785,4.3261445369783,0.00347756187486268,0.0408101151238616,0.0294521349389808,"Gstm1/Cd74/Ptgis/Gpx4",4
"GO:0016072","rRNA metabolic process","5/113","258/28928",0.0193798449612403,4.96124031007752,4.00229230526286,0.00348638017320067,0.0408101151238616,0.0294521349389808,"Rps17/Rps28/Rps25/Rps27/Rpl5",5
"GO:0030324","lung development","5/113","259/28928",0.0193050193050193,4.94208494208494,3.99071942808447,0.00354413951407511,0.0412766955528142,0.0297888600305835,"Epas1/Col3a1/Adamtsl2/Lipa/Kdr",5
"GO:0009261","ribonucleotide catabolic process","4/113","160/28928",0.025,6.4,4.28924174104,0.00363710384864828,0.0421465400752911,0.030416615629267,"Slc4a4/Lipa/Nt5e/Tpi1",4
"GO:0002792","negative regulation of peptide secretion","3/113","79/28928",0.0379746835443038,9.72151898734177,4.86095837299286,0.00369900621417473,0.0426495416494346,0.0307796253926855,"Sfrp1/Cd74/Tbc1d1",3
"GO:0030323","respiratory tube development","5/113","262/28928",0.0190839694656489,4.88549618320611,3.95635443650339,0.00372154590138285,0.0426959445203425,0.030813113747506,"Epas1/Col3a1/Adamtsl2/Lipa/Kdr",5
"GO:0009152","purine ribonucleotide biosynthetic process","4/113","162/28928",0.0246913580246914,6.32098765432099,4.25296323135796,0.00380154794262121,0.0431840864812045,0.0311653995192333,"Ndufb9/Adcy3/Lipa/Ndufs6",4
"GO:0043405","regulation of MAP kinase activity","4/113","162/28928",0.0246913580246914,6.32098765432099,4.25296323135796,0.00380154794262121,0.0431840864812045,0.0311653995192333,"Zeb2/Sfrp1/Rps3/Flt1",4
"GO:0060976","coronary vasculature development","3/113","80/28928",0.0375,9.6,4.82355458627786,0.00383230238835054,0.0433200456251782,0.0312635194839123,"Lrp1/Abcc9/Ltbp1",3
"GO:0006195","purine nucleotide catabolic process","4/113","163/28928",0.0245398773006135,6.28220858895706,4.23505219965097,0.00388563036863517,0.0437086030735254,0.0315439363944144,"Slc4a4/Lipa/Nt5e/Tpi1",4
"GO:0045116","protein neddylation","2/113","24/28928",0.0833333333333333,21.3333333333333,6.24046331417418,0.00394626127636672,0.0437503774197195,0.031574084402509,"Epas1/Rpl5",2
"GO:0060392","negative regulation of SMAD protein signal transduction","2/113","24/28928",0.0833333333333333,21.3333333333333,6.24046331417418,0.00394626127636672,0.0437503774197195,0.031574084402509,"Lrp1/Emilin1",2
"GO:1900746","regulation of vascular endothelial growth factor signaling pathway","2/113","24/28928",0.0833333333333333,21.3333333333333,6.24046331417418,0.00394626127636672,0.0437503774197195,0.031574084402509,"Emilin1/Smoc2",2
"GO:0097305","response to alcohol","6/113","384/28928",0.015625,4,3.70604815546495,0.00404167856922752,0.0445938314863094,0.0321827943487722,"Sfrp1/Slc12a3/Prkd1/Adcy3/Lipa/Adipor2",6
"GO:0030522","intracellular receptor signaling pathway","6/113","388/28928",0.0154639175257732,3.95876288659794,3.67435106447914,0.004249327889859,0.0463204237130215,0.0334288537409445,"Lbh/Sfrp1/Ptgis/Mndal/Prkd1/Flt1",6
"GO:0002082","regulation of oxidative phosphorylation","2/113","25/28928",0.08,20.48,6.10195643986458,0.00427851268468065,0.0463204237130215,0.0334288537409445,"Cox7a2/Uqcc2",2
"GO:0035855","megakaryocyte development","2/113","25/28928",0.08,20.48,6.10195643986458,0.00427851268468065,0.0463204237130215,0.0334288537409445,"Meis1/Pip4k2a",2
"GO:0051349","positive regulation of lyase activity","2/113","25/28928",0.08,20.48,6.10195643986458,0.00427851268468065,0.0463204237130215,0.0334288537409445,"Adcy3/Iscu",2
"GO:0050807","regulation of synapse organization","6/113","390/28928",0.0153846153846154,3.93846153846154,3.65866086431171,0.00435606520176536,0.046939655865752,0.0338757456172702,"Negr1/Abi3bp/Marcks/Tubb5/Srpx2/Camk1",6
"GO:0046626","regulation of insulin receptor signaling pathway","3/113","84/28928",0.0357142857142857,9.14285714285714,4.68026369584627,0.00439463969541998,0.047135065756458,0.0340167704208518,"Pip4k2a/Marcks/Gnai2",3
"GO:0008625","extrinsic apoptotic signaling pathway via death domain receptors","3/113","85/28928",0.0352941176470588,9.03529411764706,4.64592969406903,0.00454260399685451,0.0484965037812338,0.0349993027243031,"Sp100/Sfrp1/Pea15a",3
"GO:0002495","antigen processing and presentation of peptide antigen via MHC class II","2/113","26/28928",0.0769230769230769,19.6923076923077,5.97127750163765,0.00462327874660095,0.0485786237423469,0.035058567643516,"Cd74/H2-Eb1",2
"GO:1902230","negative regulation of intrinsic apoptotic signaling pathway in response to DNA damage","2/113","26/28928",0.0769230769230769,19.6923076923077,5.97127750163765,0.00462327874660095,0.0485786237423469,0.035058567643516,"Tpt1/Cd74",2
"GO:1902547","regulation of cellular response to vascular endothelial growth factor stimulus","2/113","26/28928",0.0769230769230769,19.6923076923077,5.97127750163765,0.00462327874660095,0.0485786237423469,0.035058567643516,"Emilin1/Smoc2",2
"GO:0090276","regulation of peptide hormone secretion","5/113","276/28928",0.0181159420289855,4.63768115942029,3.80262332772408,0.00463456080802963,0.0485786237423469,0.035058567643516,"Lrp1/Sfrp1/Tbc1d1/Prkd1/Uqcc2",5
"GO:0051149","positive regulation of muscle cell differentiation","3/113","86/28928",0.0348837209302326,8.93023255813953,4.61215687143018,0.00469355580667957,0.0487537823883022,0.0351849773843547,"Prkd1/Ccn4/Camk1",3
"GO:0060415","muscle tissue morphogenesis","3/113","86/28928",0.0348837209302326,8.93023255813953,4.61215687143018,0.00469355580667957,0.0487537823883022,0.0351849773843547,"Col3a1/Ly6e/Adarb1",3
"GO:0051962","positive regulation of nervous system development","6/113","397/28928",0.0151133501259446,3.86901763224181,3.6045543759455,0.00474530647437624,0.0490702992372718,0.0354134035213068,"Zeb2/Lrp1/Marcks/Srpx2/Flt1/Kdr",6
"GO:0050803","regulation of synapse structure or activity","6/113","398/28928",0.0150753768844221,3.85929648241206,3.59692554162159,0.00480293714223266,0.0494445225445916,0.0356834756666816,"Negr1/Abi3bp/Marcks/Tubb5/Srpx2/Camk1",6
"GO:0048002","antigen processing and presentation of peptide antigen","3/113","87/28928",0.0344827586206897,8.82758620689655,4.57892927854335,0.00484751228730424,0.0494791529519242,0.0357084679860283,"Cd74/H2-D1/H2-Eb1",3
"GO:0019058","viral life cycle","5/113","279/28928",0.017921146953405,4.58781362007168,3.77102012133431,0.00484921446970289,0.0494791529519242,0.0357084679860283,"Ifitm2/Cd74/Ly6e/Mndal/Adarb1",5
