"","Gene","Symbol","LFC_Age","LFC_Combined","LFC_DR","LFC_sAct","Restoration_DR","Restoration_sAct","Restoration_Combined","Intervention_DR_Effect","Intervention_sAct_Effect","Intervention_Combined_Effect"
"1","ENSMUSG00000000142","Axin2",0.641435963733553,-0.0303830290960551,0.00595355344760543,-0.00357045353369379,0,0.00556634447640189,0.047367205479417,"Worsening","Rescue","Rescue"
"2","ENSMUSG00000001018","Snapin",0.358573749175416,-0.00553764352881075,0.0364068907862109,-0.00402576297443516,0,0.011227154758799,0.0154435274237036,"Worsening","Rescue","Rescue"
"3","ENSMUSG00000001039","B9d1",0.442816034618868,-0.185154963491852,0.00792278422521671,-0.0135724568648862,0,0.0306503283616818,0.418130666047844,"Worsening","Rescue","Rescue"
"4","ENSMUSG00000002748","Baz1b",-0.413050725542175,0.00306041991861064,-0.0142666032911553,0.00118732678846941,0,0.00287453020911878,0.00740930769360954,"Worsening","Rescue","Rescue"
"5","ENSMUSG00000003813","Rad23a",-0.512027199508872,0.0232541509901566,-0.0352906254884749,0.00336322117654466,0,0.00656844241823601,0.0454158509791308,"Worsening","Rescue","Rescue"
"6","ENSMUSG00000005774","Rfx5",0.42370727052529,-0.0211919520006812,0.0489665572868171,-0.000291845537900034,0,0.000688790488627253,0.0500155495901889,"Worsening","Rescue","Rescue"
"7","ENSMUSG00000005951","Shpk",-0.384821570003648,0.0624736957378131,-0.0198553738704845,0.00355559784976875,0,0.00923960122540701,0.162344578910223,"Worsening","Rescue","Rescue"
"8","ENSMUSG00000006392","Med8",-0.349962334019408,0.00780283831325471,-0.0205193100548164,0.00161923362186427,0,0.00462687970807302,0.022296223206758,"Worsening","Rescue","Rescue"
"9","ENSMUSG00000007837","Prrg2",-0.253883591292451,0.017366329521201,-0.0452868653624821,0.00115322320174366,0,0.00454233058494614,0.0684027251733515,"Worsening","Rescue","Rescue"
"10","ENSMUSG00000009112","Bcl2l13",-0.431978998308486,0.014084527863414,-0.00940053644044349,0.019813989360028,0,0.0458679459825925,0.032604658834261,"Worsening","Rescue","Rescue"
"11","ENSMUSG00000010057","Nprl2",-0.478669980776922,0.0559564637846425,-0.0563522618444229,0.00058608272303952,0,0.00122439832572801,0.116899880986521,"Worsening","Rescue","Rescue"
"12","ENSMUSG00000010277","Bltp2",-0.248587899785083,0.0408769753167119,-0.000418068076881992,0.00162630598103273,0,0.0065421767609717,0.164436705696666,"Worsening","Rescue","Rescue"
"13","ENSMUSG00000011096","Akt1s1",-0.562977189561846,0.0919039191948272,-0.00793724921360717,0.00250530647417835,0,0.0044501029893026,0.163246257395178,"Worsening","Rescue","Rescue"
"14","ENSMUSG00000013419","Zbtb47",0.612664300102229,-0.0514037459062234,0.0533215109479502,-0.000962564973263064,0,0.00157111320686133,0.0839019768209868,"Worsening","Rescue","Rescue"
"15","ENSMUSG00000013766","Ly6g6e",0.894660829842004,-0.0400961241145694,0.00201138574669213,-0.00303922125582647,0,0.00339706529497128,0.0448171226202564,"Worsening","Rescue","Rescue"
"16","ENSMUSG00000014550","Rbsn",-0.628153273695064,0.0872274004471607,-0.062821212368171,0.000983921799531449,0,0.00156637215904902,0.138863242619197,"Worsening","Rescue","Rescue"
"17","ENSMUSG00000017307","Acot8",-0.411218582541427,0.0277710058477029,-0.229631709597276,0.0121249826775574,0,0.0294854930986392,0.0675334409161949,"Worsening","Rescue","Rescue"
"18","ENSMUSG00000017978","Cadps2",0.576651410433143,-0.0688465965511706,0.00800842218738478,-0.00352522489902328,0,0.00611326849330926,0.119390320227358,"Worsening","Rescue","Rescue"
"19","ENSMUSG00000018800","Abca5",0.472832108567161,-0.00726248846594605,0.0591484938426423,-0.00422310382431838,0,0.00893150813534173,0.0153595501116746,"Worsening","Rescue","Rescue"
"20","ENSMUSG00000018841","Rad51d",-0.615476666145776,0.0709630790850859,-0.0422497045964054,0.00451658657403309,0,0.00733835549333941,0.115297756988042,"Worsening","Rescue","Rescue"
"21","ENSMUSG00000019767","Ccdc170",-0.838012231217321,0.0445813759044682,-0.010691753450536,0.00498520756829572,0,0.00594884821794792,0.0531989561055785,"Worsening","Rescue","Rescue"
"22","ENSMUSG00000020085","Aifm2",0.473150032680833,-0.0472926133374891,0.0080728366616243,-0.00864693807093288,0,0.0182752562056056,0.0999526790044431,"Worsening","Rescue","Rescue"
"23","ENSMUSG00000020219","Timm13",-0.342298221078385,0.000508825014485114,-0.045451450486064,0.000943291441249075,0,0.00275575911051278,0.00148649622800288,"Worsening","Rescue","Rescue"
"24","ENSMUSG00000020297","Nsg2",0.643447503337112,-0.0652849056479658,0.0004064341547228,-0.00660415497846567,0,0.0102637044113382,0.101461122017536,"Worsening","Rescue","Rescue"
"25","ENSMUSG00000020553","Pctp",-0.447226301847531,0.00582953070001177,-0.0623324055124687,0.00780922800795971,0,0.0174614685578623,0.0130348565724544,"Worsening","Rescue","Rescue"
"26","ENSMUSG00000020571","Pdia6",-0.510272540984676,0.014181844267316,-0.0433187952331471,0.0124482355231046,0,0.0243952682601403,0.0277926855322241,"Worsening","Rescue","Rescue"
"27","ENSMUSG00000020936","Nmt1",-0.555585635039761,0.0206448105928348,-0.00354942408026249,0.0145728246553338,0,0.0262296642250134,0.0371586471838087,"Worsening","Rescue","Rescue"
"28","ENSMUSG00000021094","Dhrs7",0.523786134662218,-0.0732917808494195,0.057944676473084,-0.0136259733368824,0,0.0260143834194267,0.139926920548755,"Worsening","Rescue","Rescue"
"29","ENSMUSG00000021147","Wdr37",-0.403182518833639,0.0166864658698799,-0.0045636918336912,0.00977156063472491,0,0.0242360721962671,0.0413868783749652,"Worsening","Rescue","Rescue"
"30","ENSMUSG00000021481","Zfp346",0.43040022551736,-0.0535054239041079,0.0882613640211717,-0.0029694609530044,0,0.00689930157316943,0.124315510847588,"Worsening","Rescue","Rescue"
"31","ENSMUSG00000021508","Cxcl14",-0.475937605252228,0.0180402806805556,-0.11176769123032,0.17384152197295,0,0.3652611604011,0.0379047179325008,"Worsening","Rescue","Rescue"
"32","ENSMUSG00000021569","Trip13",1.09525078843257,-0.144399177723864,0.010023596439566,-0.0132737983714057,0,0.0121194145775527,0.131841199521542,"Worsening","Rescue","Rescue"
"33","ENSMUSG00000021612","Slc6a18",-0.65417312479841,0.0864913013787878,-0.148079563850257,0.0914857192544227,0,0.139849400390172,0.132214696844113,"Worsening","Rescue","Rescue"
"34","ENSMUSG00000021786","Oxsm",-0.577964819487626,0.0302753722947642,-0.00326445176566541,0.000150250297364659,0,0.000259964434336779,0.0523827251658739,"Worsening","Rescue","Rescue"
"35","ENSMUSG00000022094","Slc39a14",-0.355280612382895,0.111384986958467,-0.0714996935232075,0.0128529762810044,0,0.0361769706339967,0.313512708198175,"Worsening","Rescue","Rescue"
"36","ENSMUSG00000022095","Fhip2b",0.428636171931068,-0.0576742142057181,0.0512001130450573,-0.000612021792341726,0,0.00142783514882675,0.134552839873237,"Worsening","Rescue","Rescue"
"37","ENSMUSG00000022292","Rrm2b",-0.382734147354019,0.0484744014178521,-0.0593402038697709,0.00258625574221811,0,0.00675731642994972,0.1266529306386,"Worsening","Rescue","Rescue"
"38","ENSMUSG00000022297","Fzd6",0.571420545975043,-0.0569509083424608,0.0183488913220767,-0.00579149898307101,0,0.0101352655655542,0.0996654893556245,"Worsening","Rescue","Rescue"
"39","ENSMUSG00000022479","Vdr",-0.494112890471328,0.00127790998353815,-0.0506693406613645,0.00488135776155789,0,0.00987903342675723,0.00258627129180776,"Worsening","Rescue","Rescue"
"40","ENSMUSG00000022571","Pycr3",-0.519350225441472,0.0137833540069998,-0.0637968106117895,0.00133519779000427,0,0.00257090056881998,0.0265396130237228,"Worsening","Rescue","Rescue"
"41","ENSMUSG00000022791","Tnk2",0.474929900578649,-0.0825037724418155,0.0273253243906742,-0.00207171539465458,0,0.00436214985017879,0.173717789385958,"Worsening","Rescue","Rescue"
"42","ENSMUSG00000022802","Lmln",-0.454865097678107,0.0253712304680594,-0.0252307097394521,0.0252302861564434,0,0.0554676238850447,0.0557774834727235,"Worsening","Rescue","Rescue"
"43","ENSMUSG00000023456","Tpi1",-0.367964481060581,0.0478885306480112,-0.097340087529042,0.00146626611251162,0,0.00398480339266826,0.130144438153331,"Worsening","Rescue","Rescue"
"44","ENSMUSG00000023882","Zfp54",0.594931506033105,-0.0456436230629341,0.0559105917718294,-0.00573207434865994,0,0.00963484752535695,0.0767208033194905,"Worsening","Rescue","Rescue"
"45","ENSMUSG00000023994","Nfya",-0.560087996829858,0.0438353999123923,-0.00968759341568399,0.00772611866229955,0,0.0137944728436067,0.0782652014692408,"Worsening","Rescue","Rescue"
"46","ENSMUSG00000024527","Afg3l2",-0.315401711569199,0.0188266084006326,-0.0130510761923704,0.000266521120956767,0,0.000845021162474867,0.0596908885083904,"Worsening","Rescue","Rescue"
"47","ENSMUSG00000024712","Rfk",-0.192234935736493,0.0388958082584503,-0.0476034174119221,0.0010516831995807,0,0.00547082243688679,0.202334753094863,"Worsening","Rescue","Rescue"
"48","ENSMUSG00000024947","Men1",-0.384524487085223,0.0184437796402573,-0.0134167825126845,0.00556079791627475,0,0.0144614923185433,0.0479651628432431,"Worsening","Rescue","Rescue"
"49","ENSMUSG00000025203","Scd2",0.681510711722987,-0.0850208736414293,0.187015720872317,-0.10842063691635,0,0.159088676159238,0.124753539715437,"Worsening","Rescue","Rescue"
"50","ENSMUSG00000025287","Acot9",0.498081635193608,-0.00515027321484469,0.0260272076346098,-0.00638738175912981,0,0.0128239656068568,0.0103402190543378,"Worsening","Rescue","Rescue"
"51","ENSMUSG00000025371","Chmp6",-0.338555336533409,0.010318892987259,-0.0219091851203416,0.00468912012123686,0,0.0138503801749234,0.030479191652738,"Worsening","Rescue","Rescue"
"52","ENSMUSG00000025950","Idh1",-0.308880447581461,0.0771606354351424,-0.00628416020073558,0.0308849931722761,0,0.0999901204951824,0.249807445046494,"Worsening","Rescue","Rescue"
"53","ENSMUSG00000026213","Stk11ip",0.472807906804949,-0.0293409239628147,0.0292983156560183,-0.00689129242843797,0,0.0145752478527837,0.0620567540020412,"Worsening","Rescue","Rescue"
"54","ENSMUSG00000026585","Kifap3",0.373317017990616,-0.0157234737381639,0.0518761960250018,-0.00351507125445553,0,0.00941578091825403,0.0421182881584015,"Worsening","Rescue","Rescue"
"55","ENSMUSG00000026667","Uhmk1",-0.42833667115728,0.0204973787669305,-0.0164296702796381,0.023170498758471,0,0.0540941280975754,0.0478534296667868,"Worsening","Rescue","Rescue"
"56","ENSMUSG00000026755","Arpc5l",-0.313904705936879,0.0129200614240286,-0.0485887259842288,0.00963187968559237,0,0.0306840882071044,0.0411591835983071,"Worsening","Rescue","Rescue"
"57","ENSMUSG00000026869","Psmd5",-0.525189661711873,0.0688721987502475,-0.0249582573028443,0.00137432351174062,0,0.00261681371880202,0.13113776559454,"Worsening","Rescue","Rescue"
"58","ENSMUSG00000026965","Anapc2",0.278813063683902,-0.0890704614511285,0.000176824811877721,-0.000475362710079425,0,0.00170495135270404,0.319463013225629,"Worsening","Rescue","Rescue"
"59","ENSMUSG00000027001","Dusp19",-0.537208010067708,0.0176813603705279,-0.0206918099225658,0.00461420715078303,0,0.00858923743560983,0.0329134339756018,"Worsening","Rescue","Rescue"
"60","ENSMUSG00000027002","Nckap1",-0.291214022421552,0.0336610091464545,-0.0160490704458378,0.00187564300359363,0,0.00644077159470882,0.11558855877389,"Worsening","Rescue","Rescue"
"61","ENSMUSG00000027102","Hoxd8",0.509505785408218,-0.00343249378090165,0.0802084960746575,-0.0112630161613624,0,0.0221057669685505,0.00673690835159314,"Worsening","Rescue","Rescue"
"62","ENSMUSG00000027429","Sec23b",-0.500721671150686,0.00449508283366954,-0.119356137326153,0.0033546161758202,0,0.00669956258955421,0.00897720848258793,"Worsening","Rescue","Rescue"
"63","ENSMUSG00000028017","Egf",0.371676221725983,-0.00948002481229086,0.0721125195525085,-0.0423324780555681,0,0.113896115976926,0.0255061374878051,"Worsening","Rescue","Rescue"
"64","ENSMUSG00000028018","Gstcd",-0.460776394746086,0.0132045926252388,-0.00820263514642026,0.00375372022754898,0,0.00814651156254975,0.0286572679846486,"Worsening","Rescue","Rescue"
"65","ENSMUSG00000028042","Zbtb7b",-0.396450698424505,0.0382948826980607,-0.104514673324817,0.0989289614472386,0,0.24953660528379,0.0965943126099777,"Worsening","Rescue","Rescue"
"66","ENSMUSG00000028049","Scamp3",-0.340595555023501,0.0229677497414792,-0.0114249147718505,0.00342234655203497,0,0.0100481245323323,0.0674340853916736,"Worsening","Rescue","Rescue"
"67","ENSMUSG00000028156","Eif4e",-0.37533760438666,0.00575396389785279,-0.0216887894971092,0.015310074530829,0,0.0407901429323803,0.015330102368121,"Worsening","Rescue","Rescue"
"68","ENSMUSG00000028436","Dcaf12",-0.481585792615421,0.0407917741186702,-0.0260128674807735,0.000983773195724936,0,0.00204277869241576,0.084703026426789,"Worsening","Rescue","Rescue"
"69","ENSMUSG00000028976","Slc2a5",-0.541243223465015,0.125348601285266,-0.0533597558071359,0.0650156909250235,0,0.120122872871823,0.231593848848194,"Worsening","Rescue","Rescue"
"70","ENSMUSG00000028992","Nmnat1",-0.355086069669059,0.000152719827000832,-0.0262453160889977,0.000431479690061247,0,0.00121514113596004,0.000430092419967832,"Worsening","Rescue","Rescue"
"71","ENSMUSG00000029032","Arhgef16",-0.251478930291745,0.0137920055514321,-0.0459966268663116,0.0123431027648097,0,0.0490820553057475,0.0548435828617201,"Worsening","Rescue","Rescue"
"72","ENSMUSG00000029176","Anapc4",0.554088839946504,-0.0790035770684736,0.0373832982808042,-0.0160711331647818,0,0.0290046144339117,0.142582870061236,"Worsening","Rescue","Rescue"
"73","ENSMUSG00000029729","Zkscan1",-0.375653932175539,0.0305000870573577,-0.026245324471348,0.00175885191309027,0,0.00468210702042746,0.0811919813556094,"Worsening","Rescue","Rescue"
"74","ENSMUSG00000029772","Ahcyl2",-0.682004059569578,0.151054520444732,-0.00394121915530657,0.0122610196164526,0,0.0179779276155492,0.221486248249116,"Worsening","Rescue","Rescue"
"75","ENSMUSG00000029920","Smarcad1",-0.323428400485514,0.0430750343320535,-9.20644416585417e-05,0.00467218331086085,0,0.0144458040909432,0.133182597036598,"Worsening","Rescue","Rescue"
"76","ENSMUSG00000030407","Qpctl",-0.40424144839031,0.0490019319699129,-0.0107286407872519,0.006585897019641,0,0.0162919884783365,0.121219464666572,"Worsening","Rescue","Rescue"
"77","ENSMUSG00000030549","Rhcg",0.265723400393191,-0.0303385686979373,0.0535211203107009,-0.251870594189441,0,0.947867571379666,0.114173492635746,"Worsening","Rescue","Rescue"
"78","ENSMUSG00000030888","Rrp8",-0.381212923039074,0.0310544111558233,-0.0138835760271872,0.00213292094248464,0,0.00559509086281949,0.0814621154714638,"Worsening","Rescue","Rescue"
"79","ENSMUSG00000031628","Casp3",0.516801338964203,-0.0193710586640711,0.00460492108699216,-0.00109274102030442,0,0.00211443148056571,0.0374826015406529,"Worsening","Rescue","Rescue"
"80","ENSMUSG00000031683","Lsm6",0.460840531014963,-0.00705121716798582,0.02712449054847,-0.0174773600171395,0,0.0379249628470114,0.015300774765744,"Worsening","Rescue","Rescue"
"81","ENSMUSG00000031732","Phlpp2",-0.497067489977459,0.0226501698395471,-0.00433971465829753,0.0129052641827468,0,0.0259628007120965,0.045567594534445,"Worsening","Rescue","Rescue"
"82","ENSMUSG00000031776","Arl2bp",0.337361928414529,-0.0259645254675655,0.0188297647013583,-0.00198647463083154,0,0.00588825965089542,0.0769634131201135,"Worsening","Rescue","Rescue"
"83","ENSMUSG00000031864","Ints10",-0.632984847967576,0.0701800079198876,-0.00243478953001333,0.000303924660121826,0,0.000480145237437649,0.110871544785354,"Worsening","Rescue","Rescue"
"84","ENSMUSG00000032040","Dcps",-0.275152140971767,0.0406451168818392,-0.0182354832279144,0.00449051850792521,0,0.0163201292639986,0.147718701145814,"Worsening","Rescue","Rescue"
"85","ENSMUSG00000032121","Tmem218",0.556102066166028,-0.0156802855295968,0.000942054291487516,-0.0118566329731628,0,0.0213209655107142,0.028196776245955,"Worsening","Rescue","Rescue"
"86","ENSMUSG00000032456","Nmnat3",-0.480044239535242,0.011481782153218,-0.00182829990226652,0.0122237473192756,0,0.0254637933601913,0.0239181750505623,"Worsening","Rescue","Rescue"
"87","ENSMUSG00000032561","Acp3",0.503430183790117,-0.00937067933215927,0.0237722272120421,-0.00954983649520784,0,0.0189695350074385,0.0186136621002962,"Worsening","Rescue","Rescue"
"88","ENSMUSG00000032932","Hspa13",-0.172455340379363,0.0542023331207574,-0.00301686044887034,0.00127417949106901,0,0.00738846061981095,0.314297794440721,"Worsening","Rescue","Rescue"
"89","ENSMUSG00000033075","Senp1",-0.278236082753322,0.133215565537044,-0.00805655564983328,0.00349757903142729,0,0.0125705443981835,0.478786087766877,"Worsening","Rescue","Rescue"
"90","ENSMUSG00000033184","Tmed7",-0.303167316311714,0.0691713390548033,-0.00185897932907957,0.00083417578603139,0,0.00275153600388011,0.228162256724541,"Worsening","Rescue","Rescue"
"91","ENSMUSG00000033767","Tmem131l",0.321499397813577,-0.0230158709988334,0.0176749150702936,-0.0187541412915313,0,0.0583333636674678,0.071589157414781,"Worsening","Rescue","Rescue"
"92","ENSMUSG00000034203","Chchd4",-0.364229547868603,0.0336299366035209,-0.0598496879874499,0.00265836163492709,0,0.00729858862490229,0.092331708946505,"Worsening","Rescue","Rescue"
"93","ENSMUSG00000034220","Gpc1",-0.6719916943482,0.0893896561992887,-0.00390085537246291,0.0333949212512542,0,0.0496954375063306,0.13302196582354,"Worsening","Rescue","Rescue"
"94","ENSMUSG00000034254","Agpat1",-0.372925474340543,0.0180907919207443,-0.0275221264988522,0.0132562159757641,0,0.0355465552445982,0.0485104750560011,"Worsening","Rescue","Rescue"
"95","ENSMUSG00000034501","Pcnx4",0.358702397171196,-0.0175062566006845,0.035464958211147,-0.00354396859607201,0,0.00987996908863868,0.0488044037027424,"Worsening","Rescue","Rescue"
"96","ENSMUSG00000034667","Xpot",-0.548939362771433,0.0308089993749014,-0.017136471465873,0.00051321360219545,0,0.000934918566605217,0.0561245949267617,"Worsening","Rescue","Rescue"
"97","ENSMUSG00000035011","Zbtb7a",-0.314274182614678,0.00215900795757353,-0.00616964234899733,0.0062412592283964,0,0.0198592807607382,0.00686982283944278,"Worsening","Rescue","Rescue"
"98","ENSMUSG00000035258","Abi3bp",0.588251316762195,-0.245956290301406,0.0183084854958687,-0.00302334098529864,0,0.00513953968167801,0.418114304707686,"Worsening","Rescue","Rescue"
"99","ENSMUSG00000035781","R3hdm4",0.219666046849232,-0.0033491625118602,0.00190036365123477,-0.01328063256679,0,0.060458285462319,0.0152466098420704,"Worsening","Rescue","Rescue"
"100","ENSMUSG00000035890","Rnf126",-0.330515250740873,0.0127094231419844,-0.00604941381710305,0.00120013915116424,0,0.00363111580622693,0.0384533636904661,"Worsening","Rescue","Rescue"
"101","ENSMUSG00000035967","Ints6l",0.538592250561805,-0.0171688822760095,0.0506407773321973,-0.00428559075969897,0,0.00795702269245179,0.031877328829185,"Worsening","Rescue","Rescue"
"102","ENSMUSG00000037185","Krt80",0.558428125928663,-0.0422733162485885,0.0382729594447006,-0.0145098755978721,0,0.0259834254833462,0.0757005499647571,"Worsening","Rescue","Rescue"
"103","ENSMUSG00000037242","Clic4",-0.491035678919018,0.0452039762811455,-0.0729450261900404,0.0455451926297831,0,0.0927533264589812,0.0920584353068988,"Worsening","Rescue","Rescue"
"104","ENSMUSG00000037316","Bag4",0.40131865896898,-0.0118659895974139,0.205593316429584,-0.04098123886816,0,0.102116455221504,0.029567500369653,"Worsening","Rescue","Rescue"
"105","ENSMUSG00000037601","Nme1",-0.482240230369405,0.00200517507691159,-0.014896999186174,5.26441756725748e-05,0,0.000109165872851895,0.00415804188583684,"Worsening","Rescue","Rescue"
"106","ENSMUSG00000037710","Cisd1",-0.521974727527779,0.0774424924838188,-0.00570578363865565,0.00336085709743289,0,0.00643873528772334,0.148364448314593,"Worsening","Rescue","Rescue"
"107","ENSMUSG00000038633","Degs1",-0.211507587275359,0.0271306320294272,-0.0190654357541258,0.0141764298835552,0,0.067025632820912,0.128272618391255,"Worsening","Rescue","Rescue"
"108","ENSMUSG00000038754","Elovl3",1.08977035818181,-0.0396131364085874,0.00457029475580623,-0.00747676837218346,0,0.00686086597607389,0.0363499852158564,"Worsening","Rescue","Rescue"
"109","ENSMUSG00000038876","Rnf146",-0.296605645412861,0.0231623613742083,-0.0327721093997438,0.00268663018569958,0,0.00905791992583254,0.0780914380168569,"Worsening","Rescue","Rescue"
"110","ENSMUSG00000039376","Synpo2l",-0.696021410641767,0.0429657955572503,-0.049716343980675,0.0501781509745087,0,0.0720928267540533,0.0617305658997381,"Worsening","Rescue","Rescue"
"111","ENSMUSG00000039662","Icmt",-0.341274962853717,0.00578318513052443,-0.0265153464094057,0.00265896624223488,0,0.00779127252699933,0.0169458230459271,"Worsening","Rescue","Rescue"
"112","ENSMUSG00000039917","Rhbdd2",-0.567957632730494,0.0311107406828883,-0.0496771889970701,0.000373137670955269,0,0.000656981523712227,0.0547765165745223,"Worsening","Rescue","Rescue"
"113","ENSMUSG00000040385","Ppp1ca",-0.199039126074391,0.029236033599415,-0.0103884868942398,0.000342318777462145,0,0.0017198567146753,0.146885861971118,"Worsening","Rescue","Rescue"
"114","ENSMUSG00000040505","Abcg5",0.817447813663699,-0.0357034264736189,0.0993244503148064,-0.000906477144229235,0,0.00110891133241463,0.0436767043434866,"Worsening","Rescue","Rescue"
"115","ENSMUSG00000040648","Ppip5k2",0.351875606442559,-0.0306001135026016,0.02620975048043,-0.00856425028637895,0,0.0243388576234738,0.0869628725104502,"Worsening","Rescue","Rescue"
"116","ENSMUSG00000040785","Ttc3",0.263574112991487,-0.00478348280026216,0.0574463486850496,-0.0337545464739641,0,0.128064725669983,0.0181485303923479,"Worsening","Rescue","Rescue"
"117","ENSMUSG00000042099","Kank3",0.520609630132477,-0.0791274003724755,0.0194576783212917,-0.0188859485314321,0,0.036276602349108,0.151989889914907,"Worsening","Rescue","Rescue"
"118","ENSMUSG00000042506","Usp22",0.383191028921052,-0.0146746655354519,0.019996944463899,-0.000362140373960406,0,0.000945064854414995,0.0382959527439127,"Worsening","Rescue","Rescue"
"119","ENSMUSG00000042678","Myo15a",0.885082914421676,-0.0344774970587025,0.0433986727563073,-0.00634436842400916,0,0.00716810631030501,0.0389539742513621,"Worsening","Rescue","Rescue"
"120","ENSMUSG00000044197","Gpr146",-0.399972973692962,0.0312888387392273,-0.0502745796711992,0.00990361160891962,0,0.0247607019981358,0.0782273823412032,"Worsening","Rescue","Rescue"
"121","ENSMUSG00000044819","Oxgr1",0.315293057896919,-0.0756776526757908,0.237043678159368,-0.273909116189011,0,0.868744519831966,0.24002321262821,"Worsening","Rescue","Rescue"
"122","ENSMUSG00000046434","Hnrnpa1",0.25844617202878,-0.00364968691421088,0.0289422452279597,-0.00616526623263012,0,0.0238551269079876,0.0141216520467731,"Worsening","Rescue","Rescue"
"123","ENSMUSG00000046691","Chtf8",-0.347580492552585,0.0103039812757085,-0.0322487212903384,0.00179074667368459,0,0.00515203445548277,0.0296448779390277,"Worsening","Rescue","Rescue"
"124","ENSMUSG00000047045","Tmem164",0.598303985812164,-0.058702544056292,0.00237778171346828,-0.00106756159468908,0,0.00178431302482454,0.0981149139038521,"Worsening","Rescue","Rescue"
"125","ENSMUSG00000048486","Fitm2",-0.33646050379168,0.0404596092561767,-0.0673726720675848,0.00137905083391392,0,0.00409870049641179,0.120250694510127,"Worsening","Rescue","Rescue"
"126","ENSMUSG00000051316","Taf7",-0.458511208445264,0.00271042389399048,-0.0552271800955802,0.00331377473315728,0,0.00722724913180148,0.00591135798660426,"Worsening","Rescue","Rescue"
"127","ENSMUSG00000051403","Ppp1r37",-0.328178075497791,0.00478139509783204,-0.00912063142552185,0.000745890659893788,0,0.00227282294456264,0.0145695140986474,"Worsening","Rescue","Rescue"
"128","ENSMUSG00000051451","Crebzf",-0.239358883300402,0.0919397364250824,-0.00158300591683597,0.0228274475608498,0,0.095369126251315,0.384108311157583,"Worsening","Rescue","Rescue"
"129","ENSMUSG00000052751","Repin1",-0.364626547312323,0.00132957711067923,-0.0588384182739505,0.000738287597451963,0,0.00202477741375089,0.00364640786711662,"Worsening","Rescue","Rescue"
"130","ENSMUSG00000055296","Tmem245",-0.303971886559015,0.0692558039759092,-0.0140731240441589,0.00534414218281419,0,0.0175810409420104,0.227836214591718,"Worsening","Rescue","Rescue"
"131","ENSMUSG00000055320","Tead1",-0.609711862347753,0.0577366047280385,-0.0302313030601816,0.00125137081522463,0,0.00205239702964955,0.0946949014666013,"Worsening","Rescue","Rescue"
"132","ENSMUSG00000055963","Triqk",0.694054384120971,-0.0494031766645446,0.06767870698057,-0.00745360140131052,0,0.0107392180956404,0.071180555580114,"Worsening","Rescue","Rescue"
"133","ENSMUSG00000057497","Fam136a",-0.253186459048648,0.030912603888454,-0.0150551377123637,0.0274892961320082,0,0.108573326690928,0.122094222592348,"Worsening","Rescue","Rescue"
"134","ENSMUSG00000059119","Nap1l4",-0.179695517487178,0.0134704396398539,-0.0526406161669623,0.00063764634336722,0,0.00354848218967241,0.0749625801924361,"Worsening","Rescue","Rescue"
"135","ENSMUSG00000060548","Tnfrsf19",0.752797564116614,-0.0305927466880215,0.0491192489236503,-0.00861703511228427,0,0.0114466830433971,0.0406387429320673,"Worsening","Rescue","Rescue"
"136","ENSMUSG00000060803","Gstp1",-0.258038562875972,0.047086973345818,-0.021523880225816,0.000518802351937786,0,0.00201056131360936,0.182480373557385,"Worsening","Rescue","Rescue"
"137","ENSMUSG00000060992","Copz1",-0.333559122584676,0.0101739434946673,-0.012197905355489,0.00136192032574605,0,0.00408299528789028,0.0305011699750007,"Worsening","Rescue","Rescue"
"138","ENSMUSG00000061306","Slc38a10",-0.192875699309436,0.00183794688075315,-0.0501648281337651,0.000796802740343799,0,0.00413117226896201,0.00952917805267148,"Worsening","Rescue","Rescue"
"139","ENSMUSG00000062944","Zfp696",-0.443452152245508,0.00788423527321393,-0.00432694813380387,0.00547687883062426,0,0.0123505519206322,0.0177792242822377,"Worsening","Rescue","Rescue"
"140","ENSMUSG00000063253","Scoc",-0.281531703745257,0.101087308310784,-0.0277104797647682,0.00624928767620214,0,0.022197456247616,0.359061899480609,"Worsening","Rescue","Rescue"
"141","ENSMUSG00000063659","Zbtb18",-0.37867983450898,0.00497945492316705,-0.0102114418029265,0.0364954743935906,0,0.0963755422596318,0.0131495117230727,"Worsening","Rescue","Rescue"
"142","ENSMUSG00000070111",NA,1.01306177139204,-0.101062836997897,0.0169391236256341,-0.00452486952124302,0,0.00446652874387457,0.0997597973310436,"Worsening","Rescue","Rescue"
"143","ENSMUSG00000070394","Tmem256",-0.510534606349491,0.0820282172173314,-0.00681720432098339,0.000114886429517183,0,0.000225031619969237,0.160671218360423,"Worsening","Rescue","Rescue"
"144","ENSMUSG00000071181","3830408C21Rik",0.854907693724432,-0.0568969794237964,0.0584493888583343,-0.00275977517109793,0,0.0032281557311467,0.0665533599024275,"Worsening","Rescue","Rescue"
"145","ENSMUSG00000072214","Septin5",0.926526197113537,-0.130218470174403,0.00994225084993273,-0.0156514003131255,0,0.0168925610111028,0.140544833573061,"Worsening","Rescue","Rescue"
"146","ENSMUSG00000072772","Grcc10",-0.265855113461367,0.00330579814446595,-0.00945042861403769,0.00115646371768911,0,0.00434997733401565,0.0124345855207571,"Worsening","Rescue","Rescue"
"147","ENSMUSG00000073842","Mup7",2.1021095303141,-1.37609403881335,0.00933184778627884,-0.0559371421273726,0,0.0266100035800772,0.65462527949613,"Worsening","Rescue","Rescue"
"148","ENSMUSG00000074576","Mocs3",-0.500815180659503,0.00665344854913545,-0.0383908798966011,0.000584956715233298,0,0.00116800915352245,0.0132852373611634,"Worsening","Rescue","Rescue"
"149","ENSMUSG00000082809","Gm14150",0.975035361470903,-0.0737741594664783,0.0202882569792874,-0.00176532537088747,0,0.00181052445956869,0.0756630604198655,"Worsening","Rescue","Rescue"
"150","ENSMUSG00000085684","4930469K13Rik",0.854006947563195,-0.0573884646402595,0.0151945455680365,-0.0035122577436889,0,0.00411268052761245,0.0671990606212403,"Worsening","Rescue","Rescue"
"151","ENSMUSG00000090369","4933411K16Rik",-0.536054136449253,0.0304500227593401,-0.020632954424678,0.00932223157692205,0,0.0173904666395659,0.056804006701705,"Worsening","Rescue","Rescue"
"152","ENSMUSG00000097121","D130020L05Rik",-0.571604769298768,0.0253001548876595,-0.0147256688085041,0.00345869675097174,0,0.00605085355605902,0.0442616231468768,"Worsening","Rescue","Rescue"
"153","ENSMUSG00000097177","9330159M07Rik",0.597554237616915,-0.0983539549376555,0.0303458700807282,-0.00534146777853438,0,0.00893888360634259,0.164594188688038,"Worsening","Rescue","Rescue"
"154","ENSMUSG00000100017","2410022M11Rik",0.4904693978357,-0.0665176279771296,0.00634300663191876,-0.0269362033135872,0,0.0549192333557382,0.13562034302375,"Worsening","Rescue","Rescue"
"155","ENSMUSG00000101249",NA,0.568822881058282,-0.103727469235947,0.00533032479184088,-0.192985238742406,0,0.339271230410706,0.182354600509326,"Worsening","Rescue","Rescue"
"156","ENSMUSG00000104445","Rhbg",0.330637800334288,-0.0290757677818049,0.0204399499343667,-0.151023109226115,0,0.456762986789242,0.0879384261339996,"Worsening","Rescue","Rescue"
