"","baseMean","log2FoldChange","lfcSE","pvalue","padj","Symbol"
"ENSMUSG00000000253",1824.05337308871,-0.316675896271547,0.0966400495560884,0.000205270152238946,0.00511439763049979,"Gmpr"
"ENSMUSG00000000711",2223.24226572995,-0.241711259820488,0.0725055542969319,0.000342228896374136,0.00762205433014664,"Rab5b"
"ENSMUSG00000001017",1545.06415470457,-0.284306026658357,0.104864504819123,0.00159078317678886,0.0235058540192245,"Chtop"
"ENSMUSG00000001027",6829.00339437456,-0.374460715321398,0.14001664595752,0.000605130916093315,0.0116162686023508,"Scn4a"
"ENSMUSG00000001211",2241.69334359261,0.378082726064273,0.124783636255609,0.00021084754436826,0.00520983738766335,"Agpat3"
"ENSMUSG00000001666",281.288351173227,0.821353380587173,0.215781124592673,4.15336926222356e-07,2.89282169113871e-05,"Ddt"
"ENSMUSG00000001729",1002.18728038244,0.474669303828771,0.153000497512919,4.47898696446744e-05,0.00150507713281874,"Akt1"
"ENSMUSG00000002043",69.1177957355244,1.7871363445539,0.354285935907353,4.74711156858723e-09,5.16113445428682e-07,"Trappc6a"
"ENSMUSG00000002266",377.316827619477,1.17663535271965,0.834844039064644,0.000480339704240576,0.00981366038410447,"Zim1"
"ENSMUSG00000002489",139.505472327968,-2.11597815516675,0.43653779691705,7.79491565235304e-09,7.80663349941214e-07,"Tiam1"
"ENSMUSG00000004035",47.0438631495915,0.971346871579878,0.636376730404564,0.000554106449721138,0.0108993236573517,"Gstm7"
"ENSMUSG00000004364",4883.29700353636,-0.306679253962892,0.099364801874493,0.0004229085360834,0.00893824482538751,"Cul3"
"ENSMUSG00000004952",354.113419368372,-0.361435150619793,0.183485050694902,0.00347307520587197,0.0417068427739626,"Rasa4"
"ENSMUSG00000005580",569.282283441237,-0.783185360668858,0.25757614527699,8.29137981777069e-06,0.000381527966809911,"Adcy9"
"ENSMUSG00000005628",5375.09021365666,-0.357962721385207,0.124952225792993,0.000445283575103992,0.00930843140698291,"Tmod4"
"ENSMUSG00000005686",829.453538158181,2.02324927980208,0.730511381368894,1.28055262240632e-05,0.000543543153272354,"Ampd3"
"ENSMUSG00000007617",1469.505986449,-0.674606949458383,0.190149719668859,1.30532885251593e-06,7.69290538734675e-05,"Homer1"
"ENSMUSG00000009073",1367.38060754622,-0.300927484652754,0.0906733469625484,0.000211140704675255,0.00520983738766335,"Nf2"
"ENSMUSG00000009630",369.778153390732,-0.345268155260784,0.109070236311865,0.000211015633955374,0.00520983738766335,"Ppp2cb"
"ENSMUSG00000010721",242.730591529656,-0.385642958568318,0.154091133210642,0.000809745072924412,0.0142946126179963,"Lmbr1"
"ENSMUSG00000011958",1144.80212556921,-0.280761110184245,0.0843799320072052,0.000250478684918086,0.00595975914440968,"Bnip2"
"ENSMUSG00000013878",365.350863389547,-0.36594867310197,0.16755247443547,0.00214753910725575,0.0298609271692194,"Rnf170"
"ENSMUSG00000015575",209.796803144014,0.372519046491612,0.185648048376508,0.00283475216429323,0.0363793194417632,"Atp6v0e"
"ENSMUSG00000015733",4903.71428424333,-0.377978128518054,0.127566351416454,0.000257986185145216,0.00607238450841803,"Capza2"
"ENSMUSG00000015755",2056.034671939,-0.836058227385529,0.0957501051521507,7.39392389669335e-21,4.92596068995792e-18,"Tab2"
"ENSMUSG00000015843",484.074819555066,-0.656277538279235,0.183419991245128,1.24935371581361e-06,7.42009573155504e-05,"Rxrg"
"ENSMUSG00000017119",1856.19003524082,0.286103559443259,0.0998878027596475,0.00101835559631836,0.0171287187732011,"Nbr1"
"ENSMUSG00000018363",468.489504472733,-0.375606435047841,0.13802635007346,0.00052631842710494,0.0105165050666218,"Smurf2"
"ENSMUSG00000018377",1464.71951986183,-0.575365773158238,0.117493026872739,5.41757679004693e-09,5.74421611201698e-07,"Vezf1"
"ENSMUSG00000018845",4707.80571105464,-0.310893759369128,0.126904368633921,0.00232948368219924,0.0317568313721876,"Unc45b"
"ENSMUSG00000018909",197.704195896206,-0.482157676907557,0.259574644282701,0.00128238810282643,0.0204050185873411,"Arrb1"
"ENSMUSG00000019933",311.204712565959,-0.43455998889528,0.176141949902713,0.000476870714054478,0.00978191425897827,"Mrln"
"ENSMUSG00000019978",429.466235684805,-0.333823470815138,0.133449490333208,0.00156701669988389,0.0232218538610453,"Epb41l2"
"ENSMUSG00000020029",4269.30927547773,-0.861854789270997,0.131203102475978,1.84582736351531e-13,5.14247503475366e-11,"Nudt4"
"ENSMUSG00000020061",24629.9308029891,0.687726752162908,0.198510256047944,1.76209610321494e-06,9.81839948711366e-05,"Mybpc1"
"ENSMUSG00000020190",9167.59285906494,1.00786698954321,0.211241276777683,1.57352757083608e-08,1.49758776198268e-06,"Mknk2"
"ENSMUSG00000020366",843.570402591615,-0.521841065046414,0.119565373448356,1.5810621396816e-07,1.23605179420108e-05,"Mapk9"
"ENSMUSG00000020473",1546.74658321108,-0.662598936434035,0.17025687344237,3.1057601252196e-07,2.22381132704392e-05,"Aebp1"
"ENSMUSG00000020483",4689.18802970106,-0.428902418580678,0.101792941840407,1.29639565766444e-06,7.66975701250662e-05,"Dynll2"
"ENSMUSG00000020570",2459.76834821424,-0.256736629175573,0.0960602218760634,0.00228531734347488,0.0313780624140373,"Sypl1"
"ENSMUSG00000020738",1267.52231769601,-0.286357446803131,0.0824348139066708,0.000142588863830171,0.00380642710883225,"Sumo2"
"ENSMUSG00000020925",998.060108057025,-0.295524644223574,0.0782488962128031,4.20820316217938e-05,0.00142976268412582,"Ccdc43"
"ENSMUSG00000020954",2495.62717631098,-0.346223445547183,0.0956961646619811,4.38646244270852e-05,0.00147722558262907,"Strn3"
"ENSMUSG00000021054",318.762733548958,-0.283145601597094,0.114934140342701,0.00304970866365129,0.0381457808677816,"Sgpp1"
"ENSMUSG00000021091",419.270268249618,1.47787075387542,0.37019687198487,6.79202399939281e-07,4.42868866990196e-05,"Serpina3n"
"ENSMUSG00000021270",1266.22609909973,-0.365288278875702,0.18185391287795,0.0030795894327012,0.0382713291786541,"Hsp90aa1"
"ENSMUSG00000021477",3372.42124029822,0.582321915832265,0.342449478828233,0.00102181589969218,0.0171492716659181,"Ctsl"
"ENSMUSG00000021573",211.362174583421,-0.49161233548997,0.310112246907403,0.00220242686929088,0.0304034116379677,"Tppp"
"ENSMUSG00000021701",238.561868579619,1.3283310616536,0.254799146910788,5.91978732310223e-09,6.12897980756051e-07,"Plk2"
"ENSMUSG00000021774",989.852063882937,-0.373901990683193,0.115708577746322,0.000118250345004793,0.00326358018415692,"Ube2e1"
"ENSMUSG00000021815",945.933527388629,-0.500420050425679,0.373819413304817,0.0034822076749702,0.0417510705818219,"Mss51"
"ENSMUSG00000021816",4166.62765922237,-0.380024179872993,0.130249044758596,0.000286728003442904,0.00657714550412517,"Ppp3cb"
"ENSMUSG00000021820",2898.95898027439,-0.29452209876132,0.0788984499807279,5.03603237663972e-05,0.00166667654659288,"Camk2g"
"ENSMUSG00000021987",1340.3283742681,-0.261947417904111,0.107378110329637,0.00398012262836934,0.0457558174437636,"Mtmr6"
"ENSMUSG00000022094",3384.57867121911,0.877093165296435,0.766909785085234,0.00136180296719076,0.0213581441824606,"Slc39a14"
"ENSMUSG00000022200",1227.97580667882,-0.349015490729815,0.0878141937144291,1.0569069233271e-05,0.000462713851032603,"Golph3"
"ENSMUSG00000022510",262.763973331412,1.19054636926444,0.320015482725929,1.62973938919813e-06,9.18106494878051e-05,"Trp63"
"ENSMUSG00000022525",600.464587629486,-0.527249249519669,0.105871036487481,7.20657940144453e-09,7.31300769326719e-07,"Plaat1"
"ENSMUSG00000022548",857.290698450086,0.365412043801382,0.199118851786759,0.00423275170085996,0.047795471121796,"Apod"
"ENSMUSG00000022707",1602.55313123566,0.987577942831161,0.144614479376291,1.44843924744388e-13,4.26816049780433e-11,"Gbe1"
"ENSMUSG00000022744",583.132196198687,-0.391504222519869,0.168330619162864,0.00114384749296045,0.0186657882157966,"Cldnd1"
"ENSMUSG00000022747",1778.61678623714,-0.436111483586217,0.120228274047396,1.23577144848724e-05,0.000528930891205864,"St3gal6"
"ENSMUSG00000022860",88.6447799442876,-1.09765941005291,0.245801840644135,9.02595559544596e-08,7.64114461817782e-06,"Chodl"
"ENSMUSG00000023078",99.6691811237186,0.60701268031189,0.688476403251408,0.00434405749318432,0.0487291310161518,"Cxcl13"
"ENSMUSG00000023959",3580.97890412611,-0.349047538923918,0.11651148309233,0.000340194664250399,0.00758777706012934,"Clic5"
"ENSMUSG00000024087",134.571785762323,0.910534626037465,0.347844634565518,3.63596561046167e-05,0.00126910936330534,"Cyp1b1"
"ENSMUSG00000024197",856.46310805168,0.792765968522619,0.199136584457199,1.81263042288116e-07,1.39572542561849e-05,"Plin3"
"ENSMUSG00000024247",604.743169304105,-0.428674633216467,0.234149315941993,0.00217450807010678,0.0301811477882664,"Pkdcc"
"ENSMUSG00000024617",5213.74023248745,-0.831476379866283,0.129989460846436,4.15049251846236e-13,1.09651718724825e-10,"Camk2a"
"ENSMUSG00000024695",3815.22985560871,-0.532573546893491,0.0655598131831193,4.70400526314926e-18,2.18422644385564e-15,"Zfp91"
"ENSMUSG00000024966",1494.06209116051,-0.376453836375644,0.121182241016182,0.000170245473444707,0.0044139955830681,"Stip1"
"ENSMUSG00000025277",123.97672100489,0.613550710767539,0.295198105550247,0.000317777551870367,0.00718186641196111,"Abhd6"
"ENSMUSG00000025473",30.3952601054346,0.65263580355395,0.553153656472498,0.00246027688012964,0.0328233737773374,"Adam8"
"ENSMUSG00000025479",948.131287227195,1.41774172034004,1.09948621234432,0.000439622606431054,0.00924927511430999,"Cyp2e1"
"ENSMUSG00000025537",6843.61011608361,-0.424234395799847,0.140126218003221,0.000113013697638501,0.00316005271699773,"Phkg1"
"ENSMUSG00000025887",135.006208941696,-0.40596540323237,0.258117518179035,0.00438738158429401,0.0491072666297569,"Casp12"
"ENSMUSG00000025934",45.002960108146,1.90340736887641,0.723329867408742,1.86487860632535e-05,0.000748050651432547,"Gsta3"
"ENSMUSG00000025956",173.268967333737,0.473065533976161,0.293421963259784,0.00235874234023913,0.0320132939587991,"Mettl21a"
"ENSMUSG00000026014",558.341717498134,0.830077755498041,0.25079196257366,3.12183802378227e-06,0.000164384618688714,"Raph1"
"ENSMUSG00000026027",1261.45400730808,-0.343670670252747,0.127763384427845,0.000860940287795559,0.0150252711046599,"Stradb"
"ENSMUSG00000026249",1021.73473423136,-0.624803743586616,0.143060604147139,4.40948320416363e-08,3.9694520262237e-06,"Serpine2"
"ENSMUSG00000026393",2675.83652217088,-0.33593282313318,0.142646030624817,0.00215369329209017,0.0299193493333615,"Nek7"
"ENSMUSG00000026459",1077.61201287388,2.68127501446144,0.29600045147965,2.43876082353388e-21,1.86845660495048e-18,"Myog"
"ENSMUSG00000026544",449.409861981474,-0.469068199498727,0.150607824402771,4.63900212787298e-05,0.00154865859706749,"Dusp23"
"ENSMUSG00000026701",1536.71655790041,0.29693675198177,0.128904559412296,0.00383067792261279,0.0447389312562467,"Prdx6"
"ENSMUSG00000026817",17661.2085621906,-0.24103277448603,0.0938372941675543,0.00343481199034613,0.0413639396422648,"Ak1"
"ENSMUSG00000026836",148.417195251772,-0.497236468118145,0.240778462625938,0.000687904969537021,0.0127436001893745,"Acvr1"
"ENSMUSG00000026915",359.139548113512,-0.410105646619004,0.174882669816166,0.000868309385726475,0.0150851527409147,"Strbp"
"ENSMUSG00000027011",332.219519083061,-0.556667086497137,0.147167324209763,1.24573643397133e-06,7.42009573155504e-05,"Ube2e3"
"ENSMUSG00000027259",198.961949650113,-0.332138331674201,0.144758605333221,0.00258296147654264,0.0340901969897182,"Adal"
"ENSMUSG00000027288",21290.0560103888,-0.343490228064038,0.101589520515486,0.000105588492389099,0.00299063302934965,"Zfp106"
"ENSMUSG00000027533",295.973790420155,0.750933475440613,0.529643514560971,0.00114724212782425,0.018701267153884,"Fabp5"
"ENSMUSG00000027602",4742.9786533438,0.467737325654149,0.195705139397131,0.000396909779748451,0.008519007936155,"Map1lc3a"
"ENSMUSG00000027628",397.072753174314,-0.260291190498461,0.106957106709856,0.00410021071485555,0.0466079590383766,"Aar2"
"ENSMUSG00000027784",2711.22893321078,-0.703622075502982,0.170511047006514,9.10579179209902e-08,7.66637624342491e-06,"Ppm1l"
"ENSMUSG00000028132",936.379027611574,-0.536628577271945,0.165094071099034,1.24433226029368e-05,0.00052963620068,"Tlcd4"
"ENSMUSG00000028152",151.60980064882,0.706975425101705,0.336369429033774,0.000215996013238182,0.00531253115706044,"Tspan5"
"ENSMUSG00000028278",3423.18117551278,-0.303451597658164,0.112352510387811,0.00133870685369735,0.0211039147316919,"Rragd"
"ENSMUSG00000028410",711.827736134783,-0.462937302373566,0.213476827987457,0.000730082978452054,0.013270535562065,"Dnaja1"
"ENSMUSG00000028464",78972.9904511062,0.428558980279228,0.115806431049991,1.04813002035167e-05,0.00046150851442094,"Tpm2"
"ENSMUSG00000028557",2641.82974111998,-0.326259061118832,0.103573797282801,0.000278234189674614,0.00644989786442377,"Rnf11"
"ENSMUSG00000028645",151.021409616731,1.13518461287243,0.401296877580125,2.0917171037017e-05,0.000826066525258279,"Slc2a1"
"ENSMUSG00000029205",40.2108313330389,1.3428352059739,1.52864655825394,0.000934235209226259,0.015941298564559,"Chrna9"
"ENSMUSG00000029270",303.097918761507,-0.376409627075586,0.162740676809344,0.00142385853913342,0.0219274215026547,"Dipk1a"
"ENSMUSG00000029455",3213.18760471357,0.369718553385131,0.164587526794069,0.00179411329211145,0.0257408220739923,"Aldh2"
"ENSMUSG00000029472",8148.97328406622,-0.449146271863781,0.14390370954101,5.95802223002459e-05,0.00189408246121715,"Anapc5"
"ENSMUSG00000029482",368.882072036779,0.835222036430437,0.423062995671197,0.000246679953914053,0.00589519327655252,"Aacs"
"ENSMUSG00000029617",590.877612467989,-0.284765050500252,0.118600531781127,0.00348715857221424,0.0417738843325413,"Ccz1"
"ENSMUSG00000029669",223.634528746706,0.440052242927698,0.249568148479927,0.00224543342370118,0.0309135456885653,"Tspan12"
"ENSMUSG00000029992",804.653286119331,-0.333154822204293,0.130853686948411,0.00141618530758064,0.0218984023478717,"Gfpt1"
"ENSMUSG00000030554",14719.5027460637,-0.542203521235485,0.155017152655396,4.62793414440125e-06,0.000230239723683962,"Synm"
"ENSMUSG00000030729",483.545203116272,-0.414739326895058,0.133262477437781,9.90180695194857e-05,0.0028254262183372,"Pgm2l1"
"ENSMUSG00000030772",476.172708165072,-1.3824894288615,0.353171255705965,9.40972407431932e-07,5.7905703610761e-05,"Dkk3"
"ENSMUSG00000031147",212.412207578192,-0.759222824058536,0.242130964254194,5.82662808066829e-06,0.000285244160000256,"Magix"
"ENSMUSG00000031242",158.602414251724,-0.513825131774123,0.162055938102077,2.15953360139883e-05,0.000842660906356494,"Chmp1b2"
"ENSMUSG00000031373",241.017650217317,0.669824182166709,0.863538994099547,0.00386747017631335,0.0449630087341802,"Car5b"
"ENSMUSG00000031451",1702.61949671563,0.318361419450514,0.108108805701764,0.000570949030772436,0.0110742430361089,"Gas6"
"ENSMUSG00000031530",178.218859618177,0.567348903808352,0.560645950801563,0.00440747931429319,0.0492962084181858,"Dusp4"
"ENSMUSG00000032030",1717.29928460649,-0.233137616519543,0.0767294804407964,0.000955029394192975,0.0162418594974683,"Cul5"
"ENSMUSG00000032076",73.6433630290421,-0.68776858544782,0.380397676894728,0.000525292401869945,0.0105165050666218,"Cadm1"
"ENSMUSG00000032239",428.850892433071,-0.332784685773694,0.14680825871788,0.00272173444890562,0.0353733137918412,"Rp9"
"ENSMUSG00000032336",1201.62452551527,-0.475471249086425,0.113966944136556,7.59005051997929e-07,4.82908434850521e-05,"Nptn"
"ENSMUSG00000032503",228.001121021546,0.732181097075821,0.725531306322337,0.00244975356630591,0.0327839073331925,"Arpp21"
"ENSMUSG00000033039",422.297157431252,0.518100469979957,0.210976807334832,0.000199595301075654,0.00502099747209292,"Micall1"
"ENSMUSG00000033765",5.53315782513531,-1.18648199209916,1.38405386527667,0.00119794275204419,0.0193210785130494,"Calm4"
"ENSMUSG00000033953",2846.707000441,-0.378990708811834,0.11770505256545,0.000114728404530834,0.00319633335022904,"Ppp3r1"
"ENSMUSG00000034485",2574.92218813137,-0.325305469009438,0.102631041082677,0.000264225426666574,0.0061940267218866,"Uaca"
"ENSMUSG00000034659",3461.17816534571,-0.285620749368927,0.108254638373976,0.00190694678368992,0.0270206105264846,"Tmem109"
"ENSMUSG00000034910",212.218353017575,-0.438089006976038,0.289124850588308,0.00371423885683762,0.0438131501180314,"Pygo1"
"ENSMUSG00000035105",9082.37408653011,2.50262520569505,0.299376317908343,6.00097199359615e-19,3.17078944337496e-16,"Egln3"
"ENSMUSG00000035258",208.481509437388,-0.384892061494588,0.204307056827947,0.00310147770702702,0.0384595812698241,"Abi3bp"
"ENSMUSG00000035311",353.151365729874,-0.365108449448513,0.132273654970027,0.000543160881247086,0.0107253275558622,"Gnptab"
"ENSMUSG00000035357",1289.12651904482,-0.407816784890486,0.22504454112449,0.00277625005086001,0.0358951243305761,"Pdzrn3"
"ENSMUSG00000035620",467.102217955009,-0.42186615696196,0.174401705468728,0.000628599191372467,0.0119652489557768,"Ric8b"
"ENSMUSG00000036046",2534.0660230824,-0.30664527197685,0.13081869059286,0.00313141480209028,0.0386645197521591,"5031439G07Rik"
"ENSMUSG00000036528",506.045573160695,1.50906215054317,0.25207490687389,6.91119216380001e-11,1.24588467677538e-08,"Ppfibp2"
"ENSMUSG00000037139",1168.5476542562,3.69101162684727,0.492554515216966,5.99616418393773e-15,2.29698059476195e-12,"Myom3"
"ENSMUSG00000037151",3612.64109022992,-0.449453006947055,0.150772995853771,9.24071149915656e-05,0.00269568029647636,"Lrrc20"
"ENSMUSG00000037185",108.356451348022,0.478521630042121,0.357799176374016,0.00395368602749543,0.0456471723419909,"Krt80"
"ENSMUSG00000037405",89.19884051301,0.552784957411515,0.278477952487299,0.000568628397662819,0.0110432103135455,"Icam1"
"ENSMUSG00000037447",138.68654954413,0.47731844944549,0.297748426373492,0.0023336846363817,0.0317693313227636,"Arid5a"
"ENSMUSG00000037493",1761.86759486966,-0.407029519942692,0.189983511669425,0.00142610766862853,0.021940007837746,"Cib2"
"ENSMUSG00000037712",2950.13799185479,-0.351105410592733,0.125617050702358,0.000590565351531224,0.0113683830169761,"Fermt2"
"ENSMUSG00000037926",1361.05216427191,0.488659756755519,0.207596681042526,0.000351420064243565,0.00781539861306842,"Ssh2"
"ENSMUSG00000038007",201.150196450469,0.731592973720619,0.516210637881085,0.00121155143056848,0.0195006329523118,"Acer2"
"ENSMUSG00000038058",164.20832007341,-0.3963804520023,0.198785842566454,0.00219904390851359,0.0303840845898591,"Nod1"
"ENSMUSG00000038178",551.722286201104,2.19603735584047,0.264253672787915,4.53121148880554e-19,2.57154643122101e-16,"Slc43a2"
"ENSMUSG00000038204",1063.70824736356,-0.510619910032775,0.123719168965197,5.39128278014416e-07,3.6074509187838e-05,"Asb10"
"ENSMUSG00000038312",93.3145922622717,0.412390464738365,0.197141118393551,0.00149586718520577,0.0226270215981323,"Edem2"
"ENSMUSG00000038403",8214.89694873199,-0.439531003437647,0.0957897460135744,2.02415369543368e-07,1.52788704803597e-05,"Hjv"
"ENSMUSG00000038485",1401.08091834012,-0.304736938528828,0.107281328392276,0.000897844510041898,0.0154754459250529,"Socs7"
"ENSMUSG00000038623",330.618156892685,0.65246962286053,0.381101721007146,0.000755386468635835,0.0136018346330843,"Tm6sf1"
"ENSMUSG00000038663",4961.33203155143,-0.485210671123494,0.146071783496835,1.84328715268322e-05,0.000741330421012203,"Fsd2"
"ENSMUSG00000038871",1366.77233681239,-0.395427161237663,0.162765815233331,0.000853470677086533,0.0149333421241592,"Bpgm"
"ENSMUSG00000038910",968.121978514918,-0.566878364455884,0.146240980787971,7.44593104474365e-07,4.77380758989987e-05,"Plcl2"
"ENSMUSG00000039005",214.8738042712,2.04868931360317,0.297894070740591,3.32804916546456e-14,1.06241036171695e-11,"Tlr4"
"ENSMUSG00000039126",135.00098258887,2.45579939925804,0.682461595567884,1.36679594395866e-06,7.99366956079337e-05,"Prune2"
"ENSMUSG00000039474",1366.74627530236,0.324320036949231,0.138048189189208,0.00251313163801748,0.0332258119839014,"Wfs1"
"ENSMUSG00000040010",133.734192860011,1.98197329303898,0.388312810585115,2.33750433297609e-09,2.84266499160259e-07,"Slc7a5"
"ENSMUSG00000040111",561.682199578028,0.695348703717922,0.492769613220852,0.00136404102749486,0.0213713708223964,"Gramd1b"
"ENSMUSG00000040152",434.198897822651,0.878109974016263,0.299909126381513,1.31185845142519e-05,0.00055529301246376,"Thbs1"
"ENSMUSG00000040287",2852.32391381373,-0.468831216396306,0.129906253004385,8.17390018118258e-06,0.000377255037579098,"Stac3"
"ENSMUSG00000040430",820.476749483097,-0.410399415341585,0.265426610453821,0.00441792031926229,0.0493718851546732,"Pitpnc1"
"ENSMUSG00000040511",282.035378958048,0.521952765600023,0.370038806771946,0.00268469275753919,0.0350470188210777,"Pvr"
"ENSMUSG00000040560",608.934432874683,-0.357495440688659,0.114806991890294,0.000213086194431777,0.00524938867729602,"Wdr7"
"ENSMUSG00000040564",41.1086364731456,1.081521634348,0.921467027610443,0.000856746530130967,0.0149691300811822,"Apoc1"
"ENSMUSG00000040782",1373.93606145363,-0.349162078281045,0.13756742812376,0.00118461118968123,0.0191474654635923,"Cop1"
"ENSMUSG00000042359",684.595261730793,-0.504649157287973,0.209044760572093,0.00025492973267708,0.00600967429817062,"Osbpl6"
"ENSMUSG00000042363",1284.43343390654,-0.406999805848818,0.140370716774683,0.000210116095924573,0.00520972320040813,"Lgalsl"
"ENSMUSG00000042607",127.776915038506,-0.531796830038493,0.308642465276993,0.001254576904513,0.0200457579852478,"Asb4"
"ENSMUSG00000042647",706.66812597953,0.392074404896434,0.110302271041221,3.03796066000933e-05,0.00110055906673532,"Acad12"
"ENSMUSG00000042726",825.031641861869,0.360764044317529,0.162736575731319,0.00213792800671617,0.0297813371335562,"Trafd1"
"ENSMUSG00000042834",683.82569131248,-0.744685559419971,0.25001707297314,1.06350133994107e-05,0.000464274388373705,"Nrep"
"ENSMUSG00000043241",565.595680526584,-0.379559224031989,0.108701357350479,4.51512373295714e-05,0.00151390023982718,"Upf2"
"ENSMUSG00000043391",318.163263783576,-0.570393595334376,0.1679028627223,5.0025532486375e-06,0.000248071596857192,"2510009E07Rik"
"ENSMUSG00000044258",216.427310374448,0.704736320626068,0.414479954188107,0.00066669438023038,0.0124734529771308,"Ctla2a"
"ENSMUSG00000044934",375.757055666615,-0.32685207007605,0.157420856132945,0.00433214975255113,0.0486311579914585,"Zfp367"
"ENSMUSG00000045205",570.810729701495,-0.371128465744641,0.163192766705088,0.00165871903070459,0.0241832080946589,"Dpy19l4"
"ENSMUSG00000045246",629.505274281244,-0.418663148517536,0.259646208037173,0.00364357790612785,0.0431457065344645,"Kcng4"
"ENSMUSG00000046480",7557.14378879418,-0.459498459187409,0.0994505909745174,1.27500413314592e-07,1.03369779535423e-05,"Scn4b"
"ENSMUSG00000047371",487.092711461622,-0.41605004231683,0.1070390674134,6.09739711480182e-06,0.000296604495206693,"Zfp768"
"ENSMUSG00000047747",945.551014647213,-0.664379419720724,0.339848003129577,0.000374254629148934,0.00816909356474233,"Rnf150"
"ENSMUSG00000048376",150.940803933084,0.731965703012439,0.248514704685221,1.22149246188405e-05,0.000524283725306701,"F2r"
"ENSMUSG00000048731",224.233813323596,-0.385238200129516,0.164556831266417,0.00119501106421826,0.0192952102602913,"Ggnbp1"
"ENSMUSG00000048772",28.0571622902931,0.710761766653489,0.562312057796896,0.00174913262894809,0.0251898113471537,"Tmem53"
"ENSMUSG00000049303",75.7826268014703,0.498263434732425,0.373087997617772,0.00354529119339857,0.0423087982526841,"Syt12"
"ENSMUSG00000050335",219.74366945013,1.38138164003417,0.261504369145341,4.1136885394845e-09,4.56768474568992e-07,"Lgals3"
"ENSMUSG00000051236",2587.71623343681,-0.533432603086871,0.112391840524063,2.14201584269674e-08,1.98921871258437e-06,"Msrb3"
"ENSMUSG00000051341",117.500773632629,0.53567633013515,0.410119826515387,0.0031039550851274,0.0384595812698241,"Zfp52"
"ENSMUSG00000051373",1114.60527464202,-0.716554683144455,0.263599942352024,2.84309165246034e-05,0.00103973015252147,"Plpp7"
"ENSMUSG00000052392",36.23733514731,1.74989789995183,1.31274002023984,0.000300260964552707,0.00683640231774314,"Acot4"
"ENSMUSG00000052852",1732.50745072252,-0.327474501891148,0.132285000200158,0.00180201157493799,0.0258299563730354,"Reep1"
"ENSMUSG00000053062",383.090727300031,-0.455281126657018,0.14462555096864,5.01644850994122e-05,0.00166378875579717,"Jam2"
"ENSMUSG00000053199",199.562325821903,-0.75483556319982,0.316653027431769,8.19813150672048e-05,0.00245831642030289,"Arhgap20"
"ENSMUSG00000053846",13.1608464047774,1.18617055689815,1.68233110631926,0.0012718500313626,0.0203005812818428,"Lipg"
"ENSMUSG00000054978",72.0799658265961,-0.60235396240801,0.490500215273616,0.00271637678426134,0.035333651498503,"Kbtbd13"
"ENSMUSG00000055489",1898.73333372755,-0.666273901525133,0.130361394155126,6.91686783535318e-10,9.72359319643273e-08,"Ano5"
"ENSMUSG00000056328",116165.473093815,0.938661793103476,0.361036291293317,3.85598490468824e-05,0.00132775857740535,"Myh1"
"ENSMUSG00000056692",4933.16367402476,-0.267005018258093,0.0845017540632499,0.00049484897984474,0.0100298557118531,"Ilrun"
"ENSMUSG00000057101",253.513685598985,-0.527492633256927,0.15450744139538,7.59881292828505e-06,0.000358266493846498,"Zfp180"
"ENSMUSG00000057181",1403.33794503507,-0.326343850473539,0.108423986783775,0.000429044701925258,0.0090554434815437,"5730455P16Rik"
"ENSMUSG00000057280",1152.82960747952,1.27323470458842,0.426171341015116,1.34287956802144e-05,0.000562211574338594,"Musk"
"ENSMUSG00000057469",2410.12208507258,-0.307783083251463,0.0816670019260742,3.83008204734642e-05,0.00132180962188039,"E2f6"
"ENSMUSG00000057522",3326.68763900089,-0.321499445525878,0.102565414102749,0.000308578501763205,0.00699459819899052,"Spop"
"ENSMUSG00000059263",5406.52755892548,-0.269454539436803,0.106695326054964,0.00299302250510175,0.0377155294783505,"Usp47"
"ENSMUSG00000059796",1874.12001099963,0.769933813390571,0.159003201909558,2.63085185582697e-09,3.14941742084661e-07,"Eif4a1"
"ENSMUSG00000060477",165.044798920052,1.00393822672899,0.380628817512385,3.49242230708488e-05,0.00122892431364958,"Irak2"
"ENSMUSG00000060904",1633.04217179269,-0.275247692455991,0.113365200390938,0.00360233192285807,0.0427895597317474,"Arl1"
"ENSMUSG00000061540",12.0100411102086,2.40710470444128,2.0597719251166,0.000216404503202033,0.00531404840154609,"Orm2"
"ENSMUSG00000062797",614.401116510664,-0.362920762393864,0.139955735891513,0.000866783901355933,0.0150757431560465,"Hikeshi"
"ENSMUSG00000063011",8.14867110174914,1.4424952506986,1.82524709069865,0.000826780652120574,0.0145450745493037,"Msln"
"ENSMUSG00000063659",1622.10339507933,-0.312798871645854,0.133826913278325,0.00296070992688147,0.0374933538922353,"Zbtb18"
"ENSMUSG00000066324",2309.62782400237,-0.458739596551195,0.0976871826871978,8.98176519563995e-08,7.64114461817782e-06,"Bpnt2"
"ENSMUSG00000066568",1246.63364762427,-0.317570512123469,0.105243600403835,0.000463624643027101,0.00957428626024833,"Lsm14a"
"ENSMUSG00000068551",244.529720467088,-0.461699361685238,0.211987988105899,0.000722572863764269,0.0131809333231665,"Zfp467"
"ENSMUSG00000068663",1019.97817774312,-0.497841120343571,0.153155420269579,1.99929624222523e-05,0.000791607656837655,"Clec16a"
"ENSMUSG00000068874",372.975362943346,0.359296394562358,0.188409572432676,0.00400053789754639,0.0459522055503023,"Selenbp1"
"ENSMUSG00000069372",2641.10744881155,1.69193487198992,0.309835839737824,7.07749339172083e-10,9.79518320031872e-08,"Ctxn3"
"ENSMUSG00000069601",2386.21797014047,0.362763836713459,0.107217842746369,8.22659258433902e-05,0.00246203277675443,"Ank3"
"ENSMUSG00000072704",2498.64392784048,-0.266847341749306,0.10695219986111,0.00331250356844566,0.0402517780961878,"Smim10l1"
"ENSMUSG00000073002",847.58813171557,-0.349894483420035,0.111533105076616,0.000218039851342726,0.00531666366368429,"Vamp5"
"ENSMUSG00000074121",45.6212025420875,-0.606780681272544,0.334910821278411,0.000687836759377533,0.0127436001893745,"Ntf5"
"ENSMUSG00000076441",152.724042291828,0.780897650267144,0.507213649231536,0.000813887604447136,0.0143512080125932,"Ass1"
"ENSMUSG00000078867",73.0147575718089,-0.627787396483186,0.430988864109381,0.00153718660631451,0.0229350636500071,"Gm14418"
"ENSMUSG00000079012",33.0885385337546,3.48950789077326,1.87717980266563,4.38181670142138e-05,0.00147722558262907,"Serpina3m"
"ENSMUSG00000079110",1584.14437607068,-0.614678187116163,0.110476112799685,8.23694591642011e-11,1.46761304973611e-08,"Capn3"
"ENSMUSG00000079164",64.1196877357562,0.779858507531899,0.563439893043922,0.0011381581676586,0.0185927479776468,"Tlr5"
"ENSMUSG00000079484",167.648903150819,0.501097427399117,0.288669604096416,0.00147713972493898,0.0224756748744859,"Phyhd1"
"ENSMUSG00000082100",55.5328031711353,0.565765591199629,0.369016030708826,0.00165301378525482,0.0241640597463478,"Glns-ps1"
"ENSMUSG00000085438",11700.0832254619,-0.445414700060521,0.10471643292101,8.47602986949362e-07,5.30115125266329e-05,"Oip5os1"
"ENSMUSG00000086233",10.7864654963994,-0.70745218422605,0.76689301715704,0.00294725176566323,0.0373847175540212,NA
"ENSMUSG00000086320",84.5237121157279,1.14048827215598,0.652967441998787,0.000264366865242696,0.0061940267218866,NA
"ENSMUSG00000089889",18.1210734082948,0.645893769411092,0.642811230662353,0.0032732864747404,0.0399972636781875,"0610040B10Rik"
"ENSMUSG00000090122",25.9668481173659,0.596768928617176,0.642275056215845,0.00430516173566646,0.0484346499820978,"Kcne5"
"ENSMUSG00000094686",105.866345113232,-0.510928847955135,0.3455058308023,0.00246555525795962,0.0328233737773374,"Ccl21a"
"ENSMUSG00000104453",649.565338960656,-0.427359746805856,0.148455083819647,0.000169395280349641,0.00439939640813143,NA
"ENSMUSG00000104694",20.6381213139255,1.74493796317169,1.22553261860851,0.000253952438909361,0.00600511299600022,NA
"ENSMUSG00000116066",139.623740588352,-0.404793615316454,0.172373911993343,0.000919913720181358,0.0157495395914402,NA
"ENSMUSG00000117721",25.432090237396,3.48883817405705,0.897972527830381,9.78256718861854e-07,5.97204290960964e-05,NA
"ENSMUSG00000121059",52.3612647662614,0.841885720825373,0.463800299328498,0.0003696243532963,0.00810036716487245,NA
"ENSMUSG00000121137",274.990945260009,2.13871180597428,0.392847950739747,3.14329222347791e-10,4.86511785256081e-08,"5033421B08Rik"
