"","baseMean","log2FoldChange","lfcSE","pvalue","padj","Symbol","padj_combi_ctrl","log2FC_combi_ctrl"
"ENSMUSG00000000194",528.815663393282,-0.475373679492608,0.23852175067526,0.000989055083900825,0.0167092514339717,"Gpr107",0.214651400294321,-0.285153031010526
"ENSMUSG00000000290",62.3682840475884,0.536663056226657,0.451799062201086,0.00385504154958204,0.044852544923497,"Itgb2",0.13983512537347,0.452727099132884
"ENSMUSG00000000441",1822.09640367114,-0.355876705290907,0.119890618275956,0.00033869987168539,0.00757649362603683,"Raf1",0.510541741928193,-0.114013384517842
"ENSMUSG00000000827",643.741032316824,0.340439221867076,0.123633552860774,0.000755410903397163,0.0136018346330843,"Tpd52l2",0.888367023115865,0.0313958622448904
"ENSMUSG00000001248",694.964874148806,0.496090362989336,0.141005012273291,7.779518734183e-06,0.000365661244061,"Gramd1a",0.916443223421698,0.0249011138732305
"ENSMUSG00000001418",279.162971487794,0.425531189247162,0.263099271161867,0.00339858206237611,0.0411276916242536,"Glmp",0.210794889344702,0.311164005060747
"ENSMUSG00000001521",136.340966517796,0.598464096381742,0.274303304717646,0.000252525347827554,0.00598985434173623,"Tulp3",0.28647694150268,0.258401626868366
"ENSMUSG00000001552",1499.62115550351,0.466840002985574,0.151005323318383,5.15166266142783e-05,0.00169034104841667,"Jup",0.921054127154736,0.0245373782662771
"ENSMUSG00000001604",2894.95113438802,-0.556069714979618,0.120168063814597,2.75529843832341e-08,2.51306178395414e-06,"Tcea3",0.000312338846419043,-0.437520985688402
"ENSMUSG00000001911",3541.49431161211,-0.341193241742959,0.124632166719035,0.000781584239581631,0.0139420434262041,"Nfix",0.0102531237105141,-0.366508636074228
"ENSMUSG00000002076",21.890537252922,0.648123434659896,0.805092779879791,0.00403596279441131,0.0460743825554399,"Hsf2bp",0.189787240445615,0.462313986897916
"ENSMUSG00000002395",586.218067077525,0.409779029758548,0.111488484289134,1.51418997761722e-05,0.000624704201505404,"Use1",0.00172049199884431,0.387968447396347
"ENSMUSG00000002396",103.576920197898,0.503370133523494,0.247713215440631,0.000711111805190492,0.0130496836486326,"Ocel1",0.179066796614553,0.312653185615485
"ENSMUSG00000002603",156.921243712337,1.36777492718063,0.200319960882404,5.29518865008412e-13,1.35230292808732e-10,"Tgfb1",0.88815766480943,0.042692907394498
"ENSMUSG00000003038",367.397319271632,0.975494081291294,0.134973441795677,8.26384059060842e-15,3.08845925292421e-12,"Hmgn2",0.0241630508655971,0.331890862092869
"ENSMUSG00000003154",530.92812025632,-0.351546035723594,0.129587640583953,0.000734116682895583,0.0132965365626584,"Foxj2",0.142023374729118,-0.235872149982596
"ENSMUSG00000003198",55.1156246352603,-0.51117619971338,0.299849012911915,0.0014856377719353,0.0225167434019433,"Zfp959",0.179191432778708,0.324551337495487
"ENSMUSG00000003344",549.814179695903,-0.277185063066255,0.113516197207793,0.00341650628374912,0.0411889266608086,"Btbd2",0.502830574873335,-0.113169972365309
"ENSMUSG00000003500",216.464162493629,0.456040169455967,0.231338056484489,0.00123957068800108,0.0198681398035989,"Impdh1",0.369389233837462,0.216365304487751
"ENSMUSG00000003762",76.1059896063425,0.559979591322223,0.382772272716402,0.00199170001651909,0.028076190757242,"Coq8b",0.143727559586521,0.408897902260403
"ENSMUSG00000003779",11.7472430510372,0.639945148131507,0.763247580566297,0.00402057531974914,0.0460127314187403,"Kif20a",0.775123239753891,0.101372534535873
"ENSMUSG00000003873",189.694698600313,0.657335812046626,0.224833663997966,1.6270662856098e-05,0.000668405809501315,"Bax",0.0244266160956231,0.441814059777806
"ENSMUSG00000004071",1195.99967990589,-0.376241946008803,0.0941758926148307,6.86659225789172e-06,0.000329833207422178,"Cdip1",0.0170053984605797,-0.265363989093127
"ENSMUSG00000004383",316.09851479413,-0.325320717974147,0.152702325398929,0.00396522026583834,0.045683511378527,"Large1",0.103434414581949,-0.296701539427692
"ENSMUSG00000004455",2220.73226238168,-0.391227984497529,0.117164216186207,6.54001348742698e-05,0.00202213114928871,"Ppp1cc",0.216407665926946,-0.185027514147586
"ENSMUSG00000004837",56.3809473808265,0.576455527503264,0.374283590543777,0.00155027491318942,0.0230302893538621,"Grap",0.857980688542344,-0.0637006603561472
"ENSMUSG00000004951",4413.61859568132,0.420329528466966,0.169916249216746,0.000558887498883237,0.0109511932805471,"Hspb1",0.433705190447863,0.16363963387723
"ENSMUSG00000005034",688.446304599125,-0.326984687846294,0.107486479456201,0.000386184486252114,0.00836987960797899,"Prkacb",0.169814474571543,-0.192309877435152
"ENSMUSG00000005142",243.35909769345,0.396922760460932,0.206023632550976,0.00249838802545873,0.0330594125337686,"Man2b1",0.451912130769415,0.180521539342778
"ENSMUSG00000005233",7.48347055785759,1.51682057697215,1.44991010822513,0.000608484156820528,0.0116402031647453,"Spc25",0.357057291845128,0.302066623721393
"ENSMUSG00000005886",456.535493715568,-0.291421145195469,0.11468775502327,0.00230829518686606,0.0315521919253779,"Ncoa2",0.136441215112079,-0.219466391928374
"ENSMUSG00000006024",2684.31707719496,-0.460134977342936,0.201560577700763,0.000566886967179298,0.0110357568024156,"Napa",0.167828257164464,-0.286422387433876
"ENSMUSG00000006134",538.14242001098,-0.303213604278165,0.117849142816945,0.00187490523103057,0.0266751837094535,"Crkl",0.0314261031234422,-0.304466662161367
"ENSMUSG00000006398",11.742845827737,0.884129570241313,0.825598482345592,0.00150056130823851,0.0226756419389928,"Cdc20",0.653641396416901,0.151884939392214
"ENSMUSG00000006519",65.3195501978132,0.446497628050133,0.278784120902837,0.0029438720077771,0.0373727844036193,"Cyba",0.857980688542344,0.0604017898003115
"ENSMUSG00000006585",9.96052092214696,0.603248527423449,0.702410877738765,0.00450380478633128,0.0499723394214005,"Cdt1",0.201164417354951,0.442237792665587
"ENSMUSG00000006638",72.7259989408583,0.496769710950279,0.256028775830685,0.000939783913669335,0.0160003432323947,"Abhd1",0.790157342302773,0.080297361513409
"ENSMUSG00000007415",922.165077536282,-0.27966592376886,0.100964878307928,0.00141701753138256,0.0218984023478717,"Gatad1",0.0288568974706053,-0.270316994623575
"ENSMUSG00000007613",1081.55954934881,0.375678423073929,0.199542445845923,0.00345168417220858,0.0415150365547504,"Tgfbr1",0.0206074500110529,0.477269009238785
"ENSMUSG00000007656",997.14713667818,0.397445353006388,0.18525531035488,0.00158645353039863,0.0234645052570446,"Arpp19",0.012843985295915,0.476363559557779
"ENSMUSG00000007850",1830.78408285494,-0.532381911912745,0.140383274381859,1.62584773275166e-06,9.18106494878051e-05,"Hnrnph1",0.0197335173854291,-0.339227299049655
"ENSMUSG00000008435",253.929330110511,-0.329303125135943,0.154777051561954,0.00379806794140012,0.044528429136324,"Rdh13",0.880508460897976,-0.0394025332640368
"ENSMUSG00000009739",281.508013452248,-0.40928828419105,0.145916081880734,0.000267122118775854,0.00623808540469748,"Pou6f1",0.0857640432909934,-0.287000536919519
"ENSMUSG00000010097",509.67886973982,-0.429272469463391,0.132922360784788,5.52739605721557e-05,0.00178307978494135,"Nxf1",0.00461220289165812,-0.405153291846139
"ENSMUSG00000010751",47.1440454312587,1.28612965198484,0.563087745210965,6.98358605485106e-05,0.0021359179464767,"Tnfrsf22",0.615554730920429,-0.164327595986188
"ENSMUSG00000014846",396.979628110254,0.545954584812336,0.305765870044433,0.000991904057198978,0.0167389271679074,"Tppp3",0.542899127013239,-0.170033751560693
"ENSMUSG00000014956",6601.31439174167,-0.31845103581089,0.103407601704537,0.000379470775922189,0.00825941860718139,"Ppp1cb",0.331066871927793,-0.13970158468247
"ENSMUSG00000015087",1961.42433942973,-0.310215986089295,0.11380996182289,0.00116200054430987,0.0188707981335394,"Rabl6",0.0135767846872781,-0.330286646137363
"ENSMUSG00000015095",1124.56189577596,-0.269823195701553,0.11438705313058,0.00448379484002231,0.049894835391185,"Fbxw5",0.0481723076714439,-0.277854679450406
"ENSMUSG00000015950",57.157639040896,0.6453247791596,0.449903915067623,0.00152052845548862,0.0228308593435979,"Ncf1",0.373358895082632,0.264665263990675
"ENSMUSG00000016757",197.237288268247,0.407775174463551,0.150494091448544,0.000354910982120866,0.00788159562179425,"Ttll12",0.124602987280574,-0.278250130673442
"ENSMUSG00000017418",290.085141952278,-0.358174438639863,0.153298673958319,0.00170067231545837,0.0246774639107657,"Arl5b",0.116638782039487,-0.282387705815763
"ENSMUSG00000017615",1091.28230250851,-0.265437147964502,0.0847888535910687,0.000550947005407803,0.010851106637357,"Tnfaip1",0.00996884530782141,-0.263587796594482
"ENSMUSG00000017716",7.08527540957209,2.24744105976177,1.87157257821619,0.000246995632940463,0.00589519327655252,"Birc5",0.176716013734383,0.48487588386661
"ENSMUSG00000018008",51.7538009929381,1.3678496501148,0.431324237901914,7.96153546101847e-06,0.000368563769997541,"Cyth4",0.866615767778487,0.0613249821082315
"ENSMUSG00000018042",733.182817210552,0.840542210606814,0.226522511691755,6.52473372488145e-07,4.30941788217062e-05,"Cyb5r3",0.0482846701197561,0.391207360216906
"ENSMUSG00000018507",22.8507776190364,0.702716134587296,0.508360552278731,0.00141845427564332,0.0218984023478717,"Trpv2",0.404586872380591,0.257231227034988
"ENSMUSG00000018547",1611.28329519101,-0.518949811773608,0.109227470207101,2.61917777589453e-08,2.40321323712765e-06,"Pip4k2b",4.21696244196464e-05,-0.461568956652361
"ENSMUSG00000018661",399.239869588257,0.374226668043754,0.17583511699433,0.00217716796565631,0.0301907192196848,"Cog1",0.323162195210596,0.20935990022568
"ENSMUSG00000018736",1073.63144936567,-0.332312210729388,0.111588513735808,0.000440039258521959,0.00924927511430999,"Ndel1",0.751369049036281,-0.0583322654945355
"ENSMUSG00000018774",72.494624157414,1.56821778989009,0.425553157391802,1.602395620464e-06,9.16175675088427e-05,"Cd68",0.0960011323770344,0.498240778011683
"ENSMUSG00000019102",34.3699178913512,1.0692575979966,0.696328953711422,0.000452996143979586,0.009418263112889,"Aldh3a1",0.27521304539986,0.349645405700812
"ENSMUSG00000019478",256.213370960456,-0.401231598964402,0.158969961046126,0.000628054639480518,0.0119652489557768,"Rab4a",0.0164975289538486,-0.410212003861079
"ENSMUSG00000019578",1033.97109115423,-0.330809085582442,0.132636459633233,0.00165495164359935,0.0241640597463478,"Ubxn6",0.450813523947197,-0.139324241665836
"ENSMUSG00000020091",4557.29721718745,-0.473524712509534,0.114495205500784,9.14341880392548e-07,5.64937928760283e-05,"Eif4ebp2",0.000517643828748546,-0.419927198194656
"ENSMUSG00000020101",201.051515967122,0.750965998543514,0.379326948931007,0.000280033423345409,0.00648180082465513,"Vsir",0.653593529836,-0.136124559383912
"ENSMUSG00000020149",1468.05146245692,-0.242172761487919,0.092099443303868,0.00289802729008576,0.0370053934716534,"Rab1a",0.0536084772466181,-0.223759353960194
"ENSMUSG00000020311",514.202530382985,-0.302707710814483,0.124119215926857,0.00262403493638027,0.0345133796825364,"Erlec1",0.822746810765036,-0.0480042954015315
"ENSMUSG00000020354",370.161967400316,-0.361916588601478,0.167311145235253,0.00235866142686407,0.0320132939587991,"Sgcd",0.272335735787459,-0.221418035547039
"ENSMUSG00000020393",887.249889015374,0.395547878338465,0.180496831108904,0.00146933192365322,0.0223802913182289,"Kremen1",0.0171615412946768,0.449034399837267
"ENSMUSG00000020444",316.079200620874,0.308693123668188,0.128598129976393,0.00268519220100145,0.0350470188210777,"Guk1",0.125858101538041,0.249358011782581
"ENSMUSG00000020476",196.852394273151,0.367766819811047,0.138138189326359,0.000681446892595126,0.0126874978556927,"Dbnl",0.858806696026843,0.0430188444352863
"ENSMUSG00000020580",2905.97540194993,-0.508562978329752,0.11656736178005,1.94914312272723e-07,1.47889208848322e-05,"Rock2",0.00145915993643097,-0.388686833089778
"ENSMUSG00000020608",572.909573929094,-0.340265864974293,0.121924340867721,0.000683776075553554,0.0127154135991591,"Smc6",0.946694613230282,-0.0154107422790786
"ENSMUSG00000020644",45.007543931998,0.476053785849456,0.312770655126761,0.00278706242847014,0.0359421637808871,"Id2",0.84195480611387,0.0681733299742314
"ENSMUSG00000020647",538.559846241234,-0.56936204377832,0.137662494730914,2.3229598432065e-07,1.71071846715908e-05,"Ncoa1",0.406445888616691,-0.138639655099807
"ENSMUSG00000020658",88.2093126572481,-0.648526710769243,0.413522831737866,0.0010997943653958,0.0181400958675563,"Efr3b",0.199333538048998,0.352578514419304
"ENSMUSG00000020674",316.419384028873,0.787001321070033,0.295397933957893,3.14540519725394e-05,0.00112609915508229,"Pxdn",0.854743560337567,0.0581974198048157
"ENSMUSG00000020737",782.872310116603,0.73165898390648,0.161226365008843,1.19125471529527e-08,1.15529088623224e-06,"Jpt1",0.278672434212966,0.190513895275662
"ENSMUSG00000020799",52.7044287723985,2.65695689170872,0.561337289323256,2.0640319924265e-08,1.92848550121654e-06,"Tekt1",0.427271010538875,0.253297183189839
"ENSMUSG00000020844",835.639469599629,0.583751322464032,0.126252036029078,1.94357920660741e-08,1.8270836921991e-06,"Nxn",0.0204863411974608,0.309273678270015
"ENSMUSG00000020847",129.510441942155,-0.454468894650487,0.225162700903459,0.00113059952933571,0.018508735670952,"Rph3al",0.115293770349412,-0.346218855929931
"ENSMUSG00000020859",4600.52517288241,-0.236433525394462,0.0628785686111521,7.47738605665673e-05,0.00226434756020061,"Spag9",0.437804128308407,0.0733080216345935
"ENSMUSG00000020863",817.37286782232,-0.514108678838321,0.1008321089511,4.79726562310275e-09,5.16113445428682e-07,"Luc7l3",3.1599949046706e-05,-0.437045288739127
"ENSMUSG00000020953",3.77284411874916,-1.03047308615056,1.5595212787864,0.00172318538196615,0.0249333046344356,"Coch",0.546341089316931,-0.199101067023605
"ENSMUSG00000020955",650.600524607176,-0.335688546998714,0.136971219042531,0.00173000385676464,0.02500834820491,"Ap4s1",0.136635448055976,-0.250894989053643
"ENSMUSG00000021096",3616.17229325391,-0.379029168841574,0.0903377343925739,2.84530395794997e-06,0.000151384001901623,"Ppm1a",0.000230261685062142,-0.371406348090207
"ENSMUSG00000021123",3.63527843179406,0.833302178119448,1.41051262508346,0.00265291733617985,0.0348036407040102,"Rdh12",0.243604137471121,0.382915336899757
"ENSMUSG00000021140",1805.59759111214,-0.376318536180671,0.156678495158367,0.00116256825935268,0.0188707981335394,"Pcnx1",0.43087325854895,0.159469836241428
"ENSMUSG00000021180",151.32826359823,0.848002661423488,0.204368516417799,1.02489575566783e-07,8.53504220874903e-06,"Rps6ka5",0.0160524401215747,0.448460244002311
"ENSMUSG00000021188",655.419194607393,-0.350043430836578,0.153613226591842,0.00214052628484073,0.0297904489215391,"Trip11",0.411431261191415,0.164196379870581
"ENSMUSG00000021190",516.777746291338,0.571384608487432,0.148703254686961,8.16581861692139e-07,5.14917031551796e-05,"Lgmn",0.218362587882954,0.206731896078933
"ENSMUSG00000021194",4.26756232142723,0.85899976215215,1.43757262686173,0.00248829456978687,0.0329543108840485,"Chga",0.761565728610159,0.0943246223129992
"ENSMUSG00000021215",1407.28403368303,0.78943817659529,0.314197002833658,5.19794472429712e-05,0.00170188262842745,"Net1",0.608463901264081,0.143239952536637
"ENSMUSG00000021256",67.295787675487,0.875522682867466,0.403039520084194,0.0001362874357235,0.00368312588640422,"Vash1",0.295122013302695,0.291311301494141
"ENSMUSG00000021262",75.2727755558785,0.950868662341239,0.35867544689816,3.31960853822674e-05,0.00117746207479741,"Evl",0.512258412568325,0.186175501860666
"ENSMUSG00000021500",831.53540933459,-0.354041751925256,0.186492252684071,0.00432594005210902,0.0486311579914585,"Ddx46",0.940829982260915,-0.0227212918593354
"ENSMUSG00000021550",188.80133701795,0.344962279511564,0.153000681643577,0.00240294902126326,0.0324123132507191,"Qng1",0.98231227749653,-0.00673027490819599
"ENSMUSG00000021669",954.672934278148,-0.317386764206865,0.0987716878748317,0.00025101999787684,0.00596337895731291,"Cert1",0.440771195108352,-0.110544671139195
"ENSMUSG00000021703",148.533065192987,1.47646142641427,0.280003757205439,3.64341217397004e-09,4.19759434148443e-07,"Serinc5",0.33965316936115,0.252314837615951
"ENSMUSG00000021830",416.167640240813,-0.358047158086554,0.125872183915737,0.000471044210738003,0.0097013581198097,"Txndc16",0.0783051234082275,-0.2675077864687
"ENSMUSG00000021832",2023.08528052356,0.275415043545518,0.112455395535701,0.00341602972338873,0.0411889266608086,"Psmc6",0.740342724499892,0.0622656050240579
"ENSMUSG00000021973",741.457927669688,0.313484312805632,0.103206167956296,0.000456654389640764,0.00946862680983143,"Micu2",0.872240184320428,0.0307036641388319
"ENSMUSG00000021996",807.033440974324,0.535992313429794,0.169784960617228,1.75176339350208e-05,0.000713890172304051,"Esd",0.714942229325239,-0.0824662035810374
"ENSMUSG00000022052",597.389946530044,-0.307000978908891,0.129782980025495,0.00296915984562856,0.0375096216334407,"Ppp2r2a",0.0357273440270721,-0.324311739465279
"ENSMUSG00000022185",1130.44248417069,-0.298219903940946,0.116362242320268,0.00203113803111946,0.0285271567835413,"Acin1",0.379460713615567,0.142522342730231
"ENSMUSG00000022211",6.24017106842846,-1.55326279590693,1.53907853992887,0.000616759314374971,0.0117837942321293,"Carmil3",0.372578018630455,-0.294661391125281
"ENSMUSG00000022255",3135.5714015366,-0.321180390228194,0.0946251199851455,0.000131057976362925,0.00356696513642825,"Mtdh",0.416214699278543,0.110959878953645
"ENSMUSG00000022307",1014.22877881029,-0.350595525856916,0.133049471328597,0.000910938245638951,0.0156483259393785,"Oxr1",0.0535891898972487,-0.302710194768766
"ENSMUSG00000022359",34.8284574213181,1.01627670876787,0.420195121250258,6.36490802471467e-05,0.00198634390351737,"Ntaq1",0.260899323032206,0.317177148043552
"ENSMUSG00000022385",6.71626510912951,1.75933408321392,1.26484143008469,0.000267468649147441,0.00623808540469748,"Gtse1",0.750694005512579,0.109250982870495
"ENSMUSG00000022440",49.148879871688,0.839881355485131,0.421132548200989,0.000232062417087376,0.00559102581294004,"C1qtnf6",0.447410922967412,-0.224742313969883
"ENSMUSG00000022442",50.7008021272919,0.850275373002445,0.346644826854029,6.06985369075167e-05,0.00191769831141006,"Ttll1",0.280470230880189,0.284868374053823
"ENSMUSG00000022463",317.07938815583,0.400160986481282,0.125776976137726,9.72516417751215e-05,0.00279263765444449,"Srebf2",0.0271832479036714,-0.329126435196321
"ENSMUSG00000022533",1878.53768748277,1.43992159646248,0.16768695138468,5.18868726515226e-19,2.83950910585458e-16,"Atp13a3",0.625361792269461,0.109474027887962
"ENSMUSG00000022553",1465.0983459799,-0.4192310369788,0.131767793161045,7.44878508658526e-05,0.00226015314617319,"Maf1",0.0509561779423317,-0.29348659991475
"ENSMUSG00000022587",578.811427515402,0.657070531055358,0.180569963807513,9.62124082983038e-07,5.89705092941964e-05,"Ly6e",0.652231436535164,-0.0994600260639358
"ENSMUSG00000022663",358.479070812711,-0.339785667660959,0.124142495256905,0.000796386113935197,0.0141075426865075,"Atg3",0.044396480794155,-0.297641103747383
"ENSMUSG00000022723",471.172774510098,-1.02499061345862,0.141451292869381,1.23103016434573e-14,4.28706254733401e-12,"Crybg3",0.279262192646887,-0.180477196942842
"ENSMUSG00000022770",1063.91994974859,-0.395618437031936,0.170167962233756,0.00108888915792301,0.0179989736427769,"Dlg1",0.031577618744281,-0.392067929219156
"ENSMUSG00000022831",62.406371801611,1.02645569963591,0.293047779650623,2.45071312393941e-06,0.00013269355900397,"Hcls1",0.228147087615515,0.302646638058741
"ENSMUSG00000022892",2049.8357233389,0.395366484563376,0.122884672528187,9.25359156788206e-05,0.00269568029647636,"App",0.000783961097239617,-0.452164795514941
"ENSMUSG00000022912",206.341608612492,0.606678458508265,0.189834926434015,7.87990429231564e-06,0.000365890222639856,"Pros1",0.395149046954402,-0.177232594283882
"ENSMUSG00000022967",211.261524046942,0.376541309645944,0.152247322096215,0.000978367055327411,0.0166019029776101,"Ifnar1",0.397945452939243,0.167619963097067
"ENSMUSG00000023106",636.332762905745,-0.438664923138263,0.145185809136697,9.4410936505123e-05,0.00272954486805283,"Denr",0.365742433575953,-0.165107349713264
"ENSMUSG00000023118",1792.924490903,-0.558251500005457,0.190862692522815,3.13445332695132e-05,0.0011248062840486,"Sympk",0.00827213488714413,-0.467114501302107
"ENSMUSG00000023186",683.171725667303,0.351515363061382,0.146529365053434,0.00160401160076765,0.0236329516909257,"Vwa5a",0.0405375729047642,0.344281323113647
"ENSMUSG00000023367",84.5973587544531,0.502441324953352,0.345120139229459,0.00271572435488377,0.035333651498503,"Tmem176a",0.30532176815895,0.28417776384711
"ENSMUSG00000023942",574.082367805448,0.404949379317743,0.150718801448002,0.000391827496414252,0.00845629961627547,"Slc29a1",0.151032166452876,0.254450508942854
"ENSMUSG00000024063",123.022171723318,1.15247014964076,0.292972349387495,7.59517932513056e-07,4.82908434850521e-05,"Lbh",0.796490165094863,-0.0814266557620757
"ENSMUSG00000024370",258.470603760625,-0.604210929290657,0.274218192066137,0.000229974532206286,0.00556698223854175,"Cdc23",0.515794441071039,-0.1677779514034
"ENSMUSG00000024533",188.709864585514,0.417077088206687,0.180759726913891,0.000871879742626812,0.0150958342330742,"Spire1",0.174113478266468,0.274729074266131
"ENSMUSG00000024580",299.16202801365,-0.306496238599969,0.132014351992769,0.00329981521739499,0.0401294195048757,"Grpel2",0.89367050248158,-0.0316159744043384
"ENSMUSG00000024725",347.208741481205,0.296695285422343,0.118664831887499,0.00241489309795771,0.0325104469337474,"Ostf1",0.00392026046070668,-0.408177914539821
"ENSMUSG00000024726",3307.59983183934,-0.451998991906706,0.08720766555568,8.46851023499192e-09,8.3718053116633e-07,"Carnmt1",2.42087587510782e-06,-0.439549444794838
"ENSMUSG00000024785",110.98454410691,0.527437301392998,0.295388998168788,0.00110659483751428,0.0182326373067003,"Rcl1",0.0753558455963479,0.436626647493688
"ENSMUSG00000024811",2571.24317708159,-0.325065586818983,0.125841732352231,0.00142212340249154,0.0219227332961549,"Tnks2",0.331442451203611,-0.164703729989755
"ENSMUSG00000024858",968.433167296805,-0.326536055757984,0.142619685855892,0.00279543155364056,0.0359952921818776,"Grk2",0.296819211903664,-0.193000845435869
"ENSMUSG00000024896",329.355797550779,0.420460163408651,0.152648626278924,0.000265122868296841,0.00620225604719465,"Minpp1",0.419876906278683,0.157877089997497
"ENSMUSG00000025025",893.607585075964,-0.46628249110292,0.109457817622459,5.96591276029233e-07,3.97459483591128e-05,"Mxi1",0.19839069530823,-0.175371650819485
"ENSMUSG00000025035",767.400627936614,-0.648214769827992,0.183047154557505,1.52092549285171e-06,8.76133132592734e-05,"Arl3",0.015569933515441,-0.406988713107889
"ENSMUSG00000025151",455.619567374359,0.982085395268021,0.149175869567551,6.75318290464084e-13,1.66901647819051e-10,"Maged1",0.794199418814703,-0.0586052744331698
"ENSMUSG00000025157",230.998580458023,-0.403749216333492,0.135739276400357,0.000176003888066799,0.0045277212962655,"Zdhhc16",0.0584077158668591,-0.294357508218004
"ENSMUSG00000025213",82.8039892305325,-1.30265125779994,0.276199945924824,5.19776367811181e-08,4.57731797929352e-06,"Kazald1",0.739604979385712,-0.0974763501829693
"ENSMUSG00000025225",310.103119443469,1.75562360034386,0.177312500568584,4.52758525450166e-25,4.62507925698193e-22,"Nfkb2",0.0162961365776037,0.442694200239856
"ENSMUSG00000025234",2476.66250720185,-0.28026320105963,0.104834876315371,0.00183358340940685,0.0262049948749671,"Arih1",0.536807584877848,-0.0985008106106949
"ENSMUSG00000025245",299.709142310091,0.427565025434471,0.211239988805358,0.0014659956220586,0.0223601824672925,"Lztfl1",0.161462996787107,0.305377212456579
"ENSMUSG00000025255",259.042827088275,-0.432910283738657,0.283255786853521,0.00377539898765497,0.0443624861430303,"Zfhx4",0.133651031488268,-0.379628357878469
"ENSMUSG00000025261",3290.12065563155,-0.441686787593811,0.145971491395685,8.93398095947557e-05,0.00262251705444529,"Huwe1",0.00408699207286781,-0.438915224911029
"ENSMUSG00000025272",7.81821151426333,1.28491466260857,1.36193324564864,0.000932226681536588,0.0159247596891696,"Tro",0.469387610170071,-0.227769598191139
"ENSMUSG00000025340",1017.00966216337,-0.424403243262381,0.142458679133161,0.000130718383003005,0.00356405299422606,"Rabgef1",0.00237946779954561,-0.458570193432855
"ENSMUSG00000025366",532.357726018869,0.285602816362803,0.101274884874695,0.00116105782403642,0.0188707981335394,"Esyt1",0.262103075865625,0.157013347090099
"ENSMUSG00000025401",17.4864567248359,1.63746432374767,0.794606247244371,7.70885398564572e-05,0.00232983766512918,"Myo1a",0.437456861547198,0.252418352174578
"ENSMUSG00000025425",336.528306911155,-0.431356791923418,0.167903045017257,0.00038069419470399,0.00827429382333225,"St8sia5",0.00655100145843769,-0.470591813554057
"ENSMUSG00000025492",430.273519056418,0.98810851462168,0.201039667222728,7.15085809737036e-09,7.3048399084004e-07,"Ifitm3",0.316628158388196,-0.213918504272138
"ENSMUSG00000025498",52.589446516349,0.569451999542438,0.474184725271385,0.00325997150428732,0.0399300906156631,"Irf7",0.507512816913751,0.208810544802552
"ENSMUSG00000025578",22.4974278780736,0.901445099680203,0.602051862519419,0.000678236418581604,0.0126430859390826,"Cbx8",0.480292332997961,0.225036334422894
"ENSMUSG00000025630",360.577290957805,0.304292360815315,0.112247398401762,0.00129123297368621,0.020486711452301,"Hprt1",0.567633811336417,0.099410847281699
"ENSMUSG00000025743",347.844765493018,0.312935167467889,0.14250429538523,0.00402382432298584,0.0460127314187403,"Sdc3",0.296000716852564,-0.197796058127483
"ENSMUSG00000025759",275.88105297192,-0.377922179972617,0.164114995480255,0.00142916851862156,0.0219650443438698,"Mfsd8",0.327122567066262,-0.196920336734237
"ENSMUSG00000025793",536.125175215101,0.392003506685808,0.169386158894986,0.00116715659029963,0.0189052224452021,"Hgs",0.536817018578472,0.137685874127311
"ENSMUSG00000025911",589.283149110363,-0.37272883562778,0.160521648528927,0.00146156941300948,0.02233379336037,"Adhfe1",0.854278013372662,-0.047676432150184
"ENSMUSG00000025969",224.91047668979,0.451891866598257,0.235130868735288,0.00143887381660397,0.0220787390441026,"Nrp2",0.441290519948302,0.1909912827029
"ENSMUSG00000026062",502.016805265161,-0.458570314034973,0.163801520338138,0.000141763802352363,0.00379763416686235,"Slc9a2",0.855179451016717,-0.045951256312559
"ENSMUSG00000026094",147.076499666888,0.41098507564626,0.193069050762716,0.00140357907030385,0.0218567500957987,"Stk17b",0.70088314409288,0.0993071823136848
"ENSMUSG00000026095",2011.82093625105,-0.280746875548804,0.118696802132553,0.00395671612182343,0.0456471723419909,"Asnsd1",0.983855885202484,0.00505519104770637
"ENSMUSG00000026131",9047.25057405227,-0.29876106764854,0.133214743400166,0.00429351700329896,0.0483391337557311,"Dst",0.719325114327293,-0.0760643803005709
"ENSMUSG00000026341",605.773841516216,0.341617191796084,0.140909585492624,0.0017111778355174,0.0248064124632291,"Actr3",0.02484518424705,0.362746230143595
"ENSMUSG00000026353",1705.38106070167,0.325225732022427,0.147782754055155,0.00343642205603361,0.0413639396422648,"Ubxn4",0.502702557258665,0.13818064762465
"ENSMUSG00000026355",37.3628417339393,0.662332036627155,0.462046450523328,0.00143988878070761,0.0220787390441026,"Mcm6",0.297075802421554,0.309076312452407
"ENSMUSG00000026554",4961.89637711927,-0.234014150536959,0.0917408721467681,0.00380103017100514,0.044528429136324,"Dcaf8",0.20183798514799,-0.158142089249375
"ENSMUSG00000026600",90.0735956343595,0.59422038567188,0.476118214836005,0.00270096647799196,0.0351929501209785,"Soat1",0.126951042131667,0.470958261263495
"ENSMUSG00000026604",400.547198848164,0.497278756551661,0.230210685272695,0.000539932848413646,0.0106753432725707,"Ptpn14",0.5661350374643,0.145759373843046
"ENSMUSG00000026622",9.14888555636789,0.709523241861549,0.705283745602597,0.0026381918837566,0.0346698235289901,"Nek2",0.678678480235317,-0.140453387074979
"ENSMUSG00000026739",692.070678066957,-0.454691057618139,0.191597682890855,0.000478847525669962,0.00980933240085672,"Bmi1",0.157165753056706,-0.285133708855829
"ENSMUSG00000026748",306.531517948369,0.355525436770957,0.160477278180139,0.00228962229057403,0.0313824180016657,"Plxdc2",0.314494803906287,-0.204417338431257
"ENSMUSG00000027177",6001.61465328249,-0.385506620962357,0.1061700970681,2.51211674912132e-05,0.000941153177183032,"Hipk3",0.647084519761984,-0.0752008432459128
"ENSMUSG00000027215",272.091911019569,1.09130956638073,0.393757560440377,2.43534749113889e-05,0.000919133734155695,"Cd82",0.373217243019314,0.25073341349377
"ENSMUSG00000027254",326.091495710274,0.40375811343081,0.235820507788449,0.00348956287578496,0.0417738843325413,"Map1a",0.292199835467157,-0.258041539725892
"ENSMUSG00000027304",642.475593349251,-0.257089698891779,0.101400190531217,0.00326943383075254,0.0399972636781875,"Rtf1",0.565244175007604,-0.0902845201505971
"ENSMUSG00000027368",34.7664043944841,1.87287874375409,0.616630696830156,7.15373766591237e-06,0.00034148511605849,"Dusp2",0.16776053771709,0.451957358385976
"ENSMUSG00000027378",372.882892957368,-0.412265251449562,0.136954901702652,0.000140559847991182,0.00377859394871733,"Nphp1",0.00293723028187408,-0.44014662864923
"ENSMUSG00000027416",3.52687241639925,1.11559102678901,1.68611389028877,0.00141294028373666,0.0218984023478717,"Otor",0.15999977913122,0.495259336225301
"ENSMUSG00000027490",14.6957146097657,0.665889040050058,0.623679045155782,0.00280104965945797,0.0360373500687443,"E2f1",0.957704071553412,0.0216415642112436
"ENSMUSG00000027546",422.390035993307,0.429694464451408,0.207051632613466,0.00128113160288935,0.0204050185873411,"Atp9a",0.658346606899173,0.113940720249239
"ENSMUSG00000027663",166.133135644775,0.366888482893569,0.169492597207163,0.00221064659091303,0.0304894128825926,"Zmat3",0.825516925453903,0.0591871053022431
"ENSMUSG00000027715",14.5244842483329,0.908050926919771,0.822161743140328,0.00134903120541371,0.0212230032449223,"Ccna2",0.435290083179089,0.254868581785834
"ENSMUSG00000027763",5668.77859353146,-0.545432672459167,0.138149356379886,7.14766411761937e-07,4.64083293535092e-05,"Mbnl1",0.00967090765298664,-0.364939337550527
"ENSMUSG00000027828",3792.58555737932,-0.395231011582214,0.08401473847904,2.23174785814868e-07,1.66005205972875e-05,"Ssr3",0.0915810974566025,-0.178544795441382
"ENSMUSG00000027864",494.507933958254,1.06605187732934,0.241227744343696,9.54944380961468e-08,7.99596325107791e-06,"Ptgfrn",0.08272576288078,-0.383105384339422
"ENSMUSG00000027935",143.870461447607,0.511043621915994,0.308894398313981,0.00166983334638847,0.0243221068124625,"Rab13",0.816659347591833,0.075931103458304
"ENSMUSG00000028010",130.433913068077,0.750117805303387,0.321641476109487,9.73222285109546e-05,0.00279263765444449,"Gar1",0.0787813134888616,0.42572091751604
"ENSMUSG00000028033",374.740033404931,0.652067321378555,0.25251253534753,5.52656439402399e-05,0.00178307978494135,"Kcnq5",0.209696307372939,-0.282634196148943
"ENSMUSG00000028057",328.500679093125,0.432607753445881,0.133437436817636,5.05792033673412e-05,0.00166672071655434,"Rit1",0.00303726714099519,0.426037103510897
"ENSMUSG00000028059",418.713342055947,1.06993640429034,0.183980928673477,1.35082178242544e-10,2.27457606286868e-08,"Arhgef2",0.0298706422099973,0.400938065498598
"ENSMUSG00000028063",1635.90077695248,0.671854648485309,0.169961079517051,2.25645592380646e-07,1.67032242127954e-05,"Lmna",0.140819039282334,0.254245094325998
"ENSMUSG00000028082",373.039721151154,1.2277100130705,0.281882341833376,1.94959343388116e-07,1.47889208848322e-05,"Sh3d19",0.510541741928193,0.179474775804083
"ENSMUSG00000028107",362.462421491624,0.406656337386226,0.148920194489607,0.000340061567665477,0.00758777706012934,"Tars2",0.266853355133146,0.203611821624946
"ENSMUSG00000028195",892.19710216512,0.864007497723228,0.318717629963723,2.67487686454048e-05,0.000990027492641396,"Ccn1",0.194337008619486,0.319497712060836
"ENSMUSG00000028207",2626.12655534576,-0.355463764643838,0.10738895844106,0.000115832198779184,0.00320957826743841,"Asph",0.00136387181202944,-0.38763903114196
"ENSMUSG00000028247",419.655155867354,0.398475441879935,0.150955877940518,0.000483598929719073,0.00985397127670926,"Coq3",0.0145067520066046,0.401348399988311
"ENSMUSG00000028266",280.928841188421,-0.384440961637574,0.148475400098657,0.000662183585514638,0.0124346067167167,"Lmo4",0.810997831901415,-0.0562504528830241
"ENSMUSG00000028367",787.126999551422,0.607783689162437,0.189326398964194,7.39948519663847e-06,0.000351028828693781,"Txn1",0.328089423120743,0.195318782924878
"ENSMUSG00000028396",1608.15531685759,-0.235874159043139,0.0921226820996253,0.00365427046510529,0.0432389083681918,"2310002L09Rik",0.839574635981345,-0.0339959401531812
"ENSMUSG00000028514",2438.46941467632,-0.239586525507512,0.0855386950884561,0.00184289182309523,0.0262929528913299,"Usp24",0.235555342288548,-0.139459098177701
"ENSMUSG00000028518",4548.67662312149,-0.388334987684184,0.131548866319665,0.000231962761467584,0.00559102581294004,"Prkaa2",0.238559628109032,-0.195100854191772
"ENSMUSG00000028552",1426.39172823515,-0.291963338594545,0.125709120922017,0.00387662359374238,0.0450011388840261,"Eps15",0.0959743099390912,-0.260373108863192
"ENSMUSG00000028573",115.038758172066,1.01100350780551,0.330892569221628,1.01468778472854e-05,0.000449365922699292,"Fggy",0.941926962460413,-0.0259747471858071
"ENSMUSG00000028581",119.028776072271,0.54884265491877,0.440782281057469,0.00328653054866429,0.0400632518672895,"Laptm5",0.237916893433374,0.350830712905578
"ENSMUSG00000028633",317.731395827848,0.369135059283396,0.11975293068433,0.000202071632321401,0.00504290492192316,"Ctps1",0.356921771552831,0.151786374811115
"ENSMUSG00000028653",148.132400735452,0.442881660814592,0.218746222863525,0.00124981798100142,0.0199905646376667,"Trit1",0.773117679674057,0.0815104082702116
"ENSMUSG00000028832",30.8999406761963,1.45194340026352,0.44588932991328,5.9771908144394e-06,0.000291683104616735,"Stmn1",0.214771905845764,0.370331115175505
"ENSMUSG00000028933",83.4525597885205,-0.610154528095187,0.30043670021846,0.000370022010479079,0.00810036716487245,"Xrcc2",0.0477508792590439,-0.468304660591648
"ENSMUSG00000029048",908.765101168135,-0.324448191768596,0.114978893490215,0.000758153158703925,0.0136192038110437,"Rer1",0.084499763557587,-0.246058164038407
"ENSMUSG00000029095",610.056301740498,-0.462972551546799,0.138207712920489,2.27623840056946e-05,0.000876351784219242,"Ablim2",0.16522996788879,-0.224221225983356
"ENSMUSG00000029161",81.2332637558454,0.741226891479349,0.335358583240988,0.000144446171221376,0.00384261923893255,"Cgref1",0.699049019079333,0.116513650775682
"ENSMUSG00000029174",1435.10840040011,0.543573658845895,0.305857627432225,0.00102648051613748,0.0172087100096002,"Tbc1d1",0.660919079692565,-0.128128377512731
"ENSMUSG00000029177",25.9257391825939,1.46310771510149,0.471531261072515,8.76241583245053e-06,0.000392592098832279,"Cenpa",0.358658505332249,0.279646871789725
"ENSMUSG00000029490",75.3262117848258,0.783738243373107,0.527221581393219,0.000909275259241306,0.0156372893348536,"Slc49a3",0.726024178716223,0.118611367843164
"ENSMUSG00000029534",137.335756553845,-0.538958053015432,0.189961558552707,5.04854384355657e-05,0.00166672071655434,"St7",0.0306479673392944,-0.391677610422589
"ENSMUSG00000029536",339.841192651877,-0.320424858507277,0.133970603436969,0.00238915938428972,0.0323687791737148,"Gatc",0.157081463184449,-0.237643773383905
"ENSMUSG00000029550",321.260129494456,-0.337015368449189,0.146294744232281,0.00238348357317837,0.0323204591077984,"Sppl3",0.366562138614207,-0.173649186751184
"ENSMUSG00000029599",559.143718723809,0.382505148548069,0.1170209745355,9.32409544534345e-05,0.00270593019903405,"Ddx54",0.662644742739467,-0.0800158795168605
"ENSMUSG00000029621",352.051224846719,0.320850278298459,0.119941101221929,0.00117841829038732,0.01906747989821,"Arpc1a",0.575710027148764,0.103030501800186
"ENSMUSG00000029730",141.730813680513,0.495064977128698,0.237217038433462,0.000663119807223928,0.0124369459070897,"Mcm7",0.204393505110084,0.290349673132773
"ENSMUSG00000029810",154.608893382956,0.731765057930888,0.262867666182521,2.19483303198903e-05,0.000853589506324058,"Tmem176b",0.0744357569770453,0.389221239092055
"ENSMUSG00000029925",15.5907279930711,0.849553684793945,0.593741650385871,0.000871339444044284,0.0150958342330742,"Tbxas1",0.306632212600053,0.321399824511821
"ENSMUSG00000029994",265.066454841179,0.756592202813119,0.23423115728459,4.05011988688117e-06,0.000205496645783709,"Anxa4",0.0295193904620209,0.433332693764317
"ENSMUSG00000029999",8.02387051426435,1.07558877853444,1.20016603127734,0.00135276459520066,0.0212599096330869,"Tgfa",0.541948839196898,0.200808156436565
"ENSMUSG00000030057",8090.97484819081,-0.293918917925346,0.115445671054033,0.00222007412955661,0.0305919027762554,"Cnbp",0.0158940112365871,-0.328836976970637
"ENSMUSG00000030137",3431.10968500991,-0.373268241486387,0.164185985868236,0.00161730232551651,0.0237830360210072,"Tuba8",0.290244480765058,-0.211010725830684
"ENSMUSG00000030201",1077.64053596101,-0.366843310513246,0.158796102568957,0.00161668954273547,0.0237830360210072,"Lrp6",0.0738809338803676,-0.322711060968537
"ENSMUSG00000030353",82.5003551894452,1.60451487294394,0.359763806581125,1.03181434757413e-07,8.54621148533967e-06,"Tead4",0.174835518869104,0.381632295607458
"ENSMUSG00000030357",2177.55125412388,-0.414761650355459,0.10367066427614,3.91895157630502e-06,0.00020016698334574,"Fkbp4",0.0062730688838904,-0.32032611021383
"ENSMUSG00000030451",1980.73046157631,-0.454577595611908,0.147155927215448,6.13123266333936e-05,0.00192703344847943,"Herc2",0.00262998561698241,-0.457672976015367
"ENSMUSG00000030592",66568.7618198577,-0.424029607039952,0.136896516045882,9.11330456014775e-05,0.00267004141061461,"Ryr1",0.108147495273639,-0.256279780243111
"ENSMUSG00000030603",1229.20111368348,0.33622140953069,0.126831900030738,0.00104504457093424,0.0175007846562026,"Psmc4",0.21259679414593,0.204030348036448
"ENSMUSG00000030681",641.953044786007,0.696976532678895,0.172074139710915,1.31956624372688e-07,1.06419545013827e-05,"Mvp",0.914752621241859,0.027457981962307
"ENSMUSG00000030739",1296.06484923264,0.79089666791708,0.229867837623761,1.77887309391126e-06,9.87596826739214e-05,"Myh14",0.147522332549687,0.29860839674022
"ENSMUSG00000030751",908.895146763981,0.297160069312805,0.123939927746289,0.00307742212604273,0.0382713291786541,"Psma1",0.304347918178767,0.172182534951026
"ENSMUSG00000030753",3489.49106680297,-0.302422171276333,0.102312073927627,0.000658427731534174,0.0123792492396296,"Thap12",0.010571594953699,-0.309394455534617
"ENSMUSG00000030789",7.55808981567663,1.37788726355162,1.27343006407535,0.000668326965927619,0.0124887489011084,"Itgax",0.661248570465641,0.14623891695968
"ENSMUSG00000030824",743.274701063169,0.302004594132171,0.103273134943105,0.000725934175185903,0.013226503408292,"Nucb1",0.0441532532773415,0.255857144030856
"ENSMUSG00000030838",10.9248723097298,-0.631959924726884,0.720203641844532,0.00397923291706541,0.0457558174437636,"Ush1c",0.328613426257443,-0.319976671590577
"ENSMUSG00000031023",123.42155013948,0.531531378535912,0.201339710492891,0.000101573860499787,0.00289296703427183,"Akip1",0.121374078015768,-0.322311324522516
"ENSMUSG00000031078",359.965659521688,0.740382798038879,0.186338878951318,1.76996429054783e-07,1.36975569818507e-05,"Cttn",0.00306795194094593,0.497480855644557
"ENSMUSG00000031154",387.987671377209,0.378273803117074,0.125347252358767,0.000218152937428816,0.00531666366368429,"Otud5",0.00916864116299735,0.370043058216551
"ENSMUSG00000031229",958.800741839124,-0.509412826907312,0.212401445618612,0.000254712951533242,0.00600967429817062,"Atrx",0.139770353380012,-0.305764242309987
"ENSMUSG00000031365",138.899313823592,-0.41648244785791,0.267888137583143,0.00412586538988405,0.0467734887122157,"Zfp275",0.416547728626098,-0.214442181203925
"ENSMUSG00000031392",1052.01311321949,0.269990811565262,0.11011372488005,0.00357749892857713,0.0425815744093736,"Irak1",0.100805747164113,0.230668428064754
"ENSMUSG00000031447",8465.74758890433,-0.260122277927397,0.108257495306922,0.00442687794356164,0.0494049896061144,"Lamp1",0.304482895633897,-0.153458251354677
"ENSMUSG00000031508",498.693206114804,0.383366110206248,0.173868977169505,0.00165582867151766,0.0241640597463478,"Ankrd10",0.317665803151056,-0.20983278333354
"ENSMUSG00000031511",577.123572415423,-0.329213510810872,0.127844408937597,0.00138106664037739,0.0215499838396159,"Arhgef7",0.224354323218683,-0.201062066168949
"ENSMUSG00000031578",191.300842377552,0.359281764717445,0.157698508150776,0.00190800108266373,0.0270206105264846,"Mak16",0.0493135787536327,0.352206580712104
"ENSMUSG00000031626",1084.7474686079,-0.570867045638052,0.242291557939819,0.000176529965177848,0.0045309357728981,"Sorbs2",0.864028872834335,-0.0511875118656654
"ENSMUSG00000031642",75.61325176626,1.75933904720002,0.344386813474393,3.69160369371643e-09,4.22137637304604e-07,"Sh3rf1",0.137227450606041,0.413989229590222
"ENSMUSG00000031760",18.9364804812174,0.813870854391488,0.723758442781253,0.00164488255486372,0.0241010357974839,"Mt3",0.192061614717024,0.44111056186719
"ENSMUSG00000031827",88.013121991759,0.745707946763756,0.396656836697806,0.000373991756335835,0.00816909356474233,"Cotl1",0.601629948780322,0.159165096360542
"ENSMUSG00000031880",181.279028939259,4.1951094729714,0.819482597140488,1.25871162768146e-08,1.21303385351969e-06,"Rrad",0.724854474938148,-0.121695734019321
"ENSMUSG00000031987",3947.49902997673,-0.25486239719265,0.0888100295546666,0.00133615894912738,0.0210854413774241,"Egln1",0.0273876264061085,-0.241207012780139
"ENSMUSG00000032060",9829.0910999602,0.63937308666923,0.269231037330314,0.000115083971631955,0.00320042050329664,"Cryab",0.421247592759702,0.196717408510502
"ENSMUSG00000032096",1588.91344462812,-0.417290152186522,0.094596060678288,6.41361658210565e-07,4.25436566613008e-05,"Arcn1",0.0314704431495665,-0.241359558125401
"ENSMUSG00000032118",85.8204785361862,2.11115433153385,0.257544947891841,1.14077649257707e-18,5.82670606525279e-16,"Fez1",0.0418347882733558,0.495728589954958
"ENSMUSG00000032125",260.61548047712,0.504181552060508,0.232781715280772,0.000501114086422019,0.0101166945273315,"Robo4",0.150493831597923,0.317462630403498
"ENSMUSG00000032218",5.8565221294893,4.04427494285826,1.89176296413989,2.11243208204945e-05,0.000829969148544712,"Ccnb2",0.17105981910735,0.482290745199651
"ENSMUSG00000032316",716.618547466528,-0.362479941575423,0.171984923987858,0.00262331821586395,0.0345133796825364,"Clk3",0.174816026441317,-0.270991999398187
"ENSMUSG00000032380",585.782996873211,0.72045059779525,0.251261152289025,1.65676955658451e-05,0.00067878823303595,"Dapk2",0.629316781137853,-0.12421018994997
"ENSMUSG00000032388",163.551225495055,0.612022085244403,0.437059235554431,0.00184657675157315,0.0263210191296329,"Spg21",0.51343645684113,0.199742744313361
"ENSMUSG00000032478",199.947836429062,-0.403813035643765,0.144673336125514,0.000298799095890572,0.00682339574714043,"Nme6",0.415156502507063,-0.151749589917165
"ENSMUSG00000032504",1066.23408478061,0.300149500604009,0.0941146937956522,0.000326907243454472,0.00734486758277548,"Pdcd6ip",0.0114983857387894,0.285193079965861
"ENSMUSG00000032508",64.8675555680218,0.510798137671888,0.277639625658261,0.0010814457896759,0.0178952417226822,"Myd88",0.114328393224365,0.382881783190369
"ENSMUSG00000032547",935.100720166079,-0.330519750805965,0.0987906212142942,0.000139132011997639,0.00374678351465698,"Ryk",0.00696850611071581,-0.31291729417133
"ENSMUSG00000032560",648.351570255723,-0.451092430030193,0.205122760663651,0.000766308028551126,0.0137334946450163,"Dnajc13",0.205982666929221,-0.269697222803827
"ENSMUSG00000032667",613.714099181421,0.441248803603904,0.146082477288702,9.13714540878751e-05,0.00267191754005441,"Pon2",0.973437838165428,-0.00914706361236654
"ENSMUSG00000032766",156.408478592409,0.442739374891346,0.238662522569908,0.00180984706046329,0.0258938249369552,"Gng11",0.602172905670345,0.141105826420666
"ENSMUSG00000032998",767.498342672461,-0.250521632844011,0.101660750626008,0.00414548803971713,0.0469484946286664,"Foxj3",0.803323739985593,0.044392925581735
"ENSMUSG00000033184",719.864015695109,-0.303134832755437,0.109640768706231,0.00112906408090773,0.0185033678200526,"Tmed7",0.0505081236450303,-0.263338245154658
"ENSMUSG00000033278",426.625393053151,-0.602684653336299,0.121494300913988,2.75029244995207e-09,3.26687838841981e-07,"Ptprm",0.0755570330359248,-0.235686134320087
"ENSMUSG00000033306",369.502947403035,-0.378557852518858,0.163396765103586,0.00137381069381583,0.0214805114911632,"Lpp",0.0227457086493586,0.397696637382072
"ENSMUSG00000033355",29.0918779223788,0.65161526730474,0.567130525229546,0.00259984505124175,0.0342834988986036,"Rtp4",0.473022338294227,0.229092724656264
"ENSMUSG00000033444",1009.68289986899,-0.286401415574457,0.100447462311852,0.00105395149187816,0.0175922643900317,"Specc1l",0.928977413917365,-0.0171359691964774
"ENSMUSG00000033880",233.788487790169,0.608307782855519,0.284758139763863,0.000275014324591538,0.00639460469759657,"Lgals3bp",0.830585536694299,0.0667438427680538
"ENSMUSG00000033917",940.118574891917,-0.372751275652491,0.154004220111605,0.00116495261965287,0.0188894909957047,"Gde1",0.0215813650933976,-0.390647556873343
"ENSMUSG00000034075",1761.7974255363,-0.341070307682346,0.0859581044587712,1.19462029807989e-05,0.00051709510812085,"Zdhhc5",0.0658954260483685,-0.198711365455787
"ENSMUSG00000034274",254.436450949929,0.346841917438002,0.153662365791996,0.00233454722113371,0.0317693313227636,"Thoc5",0.296980701572795,0.20357165531461
"ENSMUSG00000034329",5.14109254110338,0.803795130908422,1.14636910649601,0.00287709677949106,0.0368302038029586,"Brip1",0.245718094809451,0.397289262161982
"ENSMUSG00000034349",174.614987089285,0.384241617743422,0.219463099480928,0.00398045452277862,0.0457558174437636,"Smc4",0.280057541504311,0.255273291707806
"ENSMUSG00000034586",20.0211061213438,0.582762974998832,0.550772729720158,0.00388295844401858,0.0450064842947782,"Hid1",0.294673862968682,-0.337999680257297
"ENSMUSG00000034801",928.911621346484,-0.445115235341647,0.0888912074867012,2.36055569812647e-08,2.17896355195132e-06,"Sos2",2.50346582762134e-06,-0.448917394212652
"ENSMUSG00000035049",1046.35195299928,0.471542543777671,0.10631396143804,2.49865817368795e-07,1.81454688129955e-05,"Rrp12",0.00120964046956617,0.372931855211527
"ENSMUSG00000035133",796.033030802056,-0.353028751045485,0.160316831051913,0.00242959730381587,0.0326281502948033,"Arhgap5",0.0283894345697123,-0.391531826988506
"ENSMUSG00000035199",2160.68601937699,0.544143282565052,0.111050545466844,8.37013835132832e-09,8.32828765957168e-07,"Arl6ip5",0.594811282268481,-0.084667307852552
"ENSMUSG00000035268",833.138326096734,0.318268974933562,0.123329901556845,0.00155010477816938,0.0230302893538621,"Pkig",0.577681916503571,-0.104423118331513
"ENSMUSG00000035392",341.70415400349,-0.334819260156328,0.164653522986405,0.00426566512406862,0.0481316544153928,"Dennd1a",0.297051343959792,-0.213364958364516
"ENSMUSG00000035666",433.416629953622,-0.370262814960477,0.173395083532031,0.00225264434823014,0.0309849814613379,"Gtf3c4",0.637932827306195,-0.111674315822462
"ENSMUSG00000035692",17.435188882109,0.917548019705528,0.689256153688421,0.000900501642850416,0.0155038052510078,"Isg15",0.397945452939243,0.270737838091261
"ENSMUSG00000035890",698.604359674978,-0.476612675821039,0.122250826357263,2.34610539328426e-06,0.000127933711534856,"Rnf126",0.0453480219177513,-0.275260113246839
"ENSMUSG00000036002",572.233410220869,0.646508129417732,0.16662535788692,3.58205461274719e-07,2.51779003812501e-05,"Atosb",0.043592028071341,0.330032650189051
"ENSMUSG00000036053",167.35149675194,-0.397375997829729,0.234622329036313,0.00384510713222636,0.0448382527580369,"Fmnl2",0.0576589115592163,-0.436006236807544
"ENSMUSG00000036067",5.4232697513633,0.932198787751815,1.24618121616203,0.00208786081977335,0.0292167044213581,"Slc2a6",0.657178101502051,0.143757166542768
"ENSMUSG00000036256",979.032876687833,0.417615191985988,0.181890135092916,0.000889738031901703,0.0153702997326153,"Igfbp7",0.778541827455723,-0.072611217110863
"ENSMUSG00000036533",254.842280649873,-0.393202300181459,0.213385335560613,0.00305666488251054,0.0381457808677816,"Cdc42ep3",0.177254150239427,-0.302980450246341
"ENSMUSG00000036810",500.347766008027,-0.374496985082311,0.102446839096542,2.65985883306278e-05,0.000986852709419394,"Cnep1r1",0.00557161004430685,-0.32619114728018
"ENSMUSG00000036856",421.09362144861,-0.394394659113387,0.155002235555177,0.000651642711104807,0.0122691690381655,"Wnt4",0.10082116614318,-0.290621578609161
"ENSMUSG00000036890",276.424812231564,-0.458982055172114,0.18911394574422,0.000396956970985752,0.008519007936155,"Gtdc1",0.269408088873893,-0.227573590805209
"ENSMUSG00000036896",224.382837324988,0.468395492396371,0.267252267329236,0.00180894344956102,0.0258938249369552,"C1qc",0.206262525140575,0.310044968958788
"ENSMUSG00000036905",237.469954468658,0.880066252737333,0.317407409555973,2.20134895567627e-05,0.000853956203742466,"C1qb",0.0395237308151881,0.494823535444646
"ENSMUSG00000036908",93.4358173978257,0.597686138457981,0.388150787906491,0.00141911593887859,0.0218984023478717,"Unc93b1",0.921049883457644,-0.036349773066662
"ENSMUSG00000037234",1752.44710543447,-0.370996538930828,0.160590059431496,0.00153389558944625,0.0229223778590214,"Hook3",0.212661495464133,-0.239235697625414
"ENSMUSG00000037544",4.8516865695815,1.11158205083681,1.53729976198223,0.00148894015516707,0.0225444960450839,"Dlgap5",0.527840220038188,0.198467126348884
"ENSMUSG00000037606",360.163604111829,0.60702399399456,0.20370547880408,1.74823287030024e-05,0.000713890172304051,"Osbpl5",0.321806141371706,-0.208463950619007
"ENSMUSG00000037613",148.872775800356,0.940643708761261,0.267225170234397,1.838222817626e-06,0.000101686239113658,"Tnfrsf23",0.20531060779601,-0.300804639741061
"ENSMUSG00000037742",10109.9567098872,1.1086513969318,0.165841884294986,1.01025409383537e-12,2.4187692937249e-10,"Eef1a1",0.00484277925060485,0.4710510867785
"ENSMUSG00000037762",203.225842317335,0.765712870089267,0.580311364397505,0.00134213603376959,0.0211362286181412,"Slc16a9",0.954797491514756,-0.0227309800683043
"ENSMUSG00000037815",1244.8661500159,0.372078608714885,0.172455137222008,0.00210400418573089,0.0293889299343249,"Ctnna1",0.197570122703136,0.258567943416673
"ENSMUSG00000037966",233.448329460518,0.569992406707178,0.205917383355258,4.81199056455171e-05,0.00160291590044839,"Ninj1",0.0714290194757353,0.35189430025476
"ENSMUSG00000038170",55455.4584647447,-0.325404237342149,0.121744250991289,0.00112367357685053,0.0184545018414584,"Pde4dip",0.428227611827686,-0.135198481962436
"ENSMUSG00000038271",186.705729487755,0.66440363570816,0.386175042896155,0.000711119614083939,0.0130496836486326,"Iffo1",0.67068517993573,0.131441012651946
"ENSMUSG00000038375",8006.39867831029,0.286316032157609,0.116396452033073,0.00297811264337086,0.0375585350077134,"Trp53inp2",0.498134625645876,0.116245284813121
"ENSMUSG00000038387",313.914661565766,0.489530543151839,0.147593878044172,1.76932033904125e-05,0.00071913250809361,"Rras",0.228147087615515,0.209567880418432
"ENSMUSG00000038429",916.178508566043,0.305451931859963,0.0910288840980047,0.000177708736318749,0.00454596154693186,"Usp5",0.522789604438527,-0.0903320977256404
"ENSMUSG00000038543",20.7472171106041,0.933537811220374,0.675449104404444,0.000791741571576374,0.0140415001172046,"BC028528",0.229696989423225,0.386610406194252
"ENSMUSG00000038807",266.658112522725,1.4962103278471,0.244300981649765,3.17610262497356e-11,6.00832352129258e-09,"Rap1gap2",0.783008111005288,-0.0829032894813106
"ENSMUSG00000038872",162.557842752887,-0.395578791103195,0.237184642711498,0.00409896167836562,0.0466079590383766,"Zfhx3",0.815276200193536,-0.071452179576325
"ENSMUSG00000038967",8063.50409413537,-0.242227209953767,0.0777279152464783,0.000698437545721254,0.0128786504369275,"Pdk2",0.0693633544781418,0.181004942024501
"ENSMUSG00000038970",740.451350802735,-0.262556986801162,0.103218001978639,0.00304676920485171,0.0381418664427637,"Lmtk2",0.152384889441816,-0.194086756876542
"ENSMUSG00000039062",102.744995839168,0.978417913075789,0.586381211087027,0.000407761743621308,0.00870213537257562,"Anpep",0.896908255493338,-0.0495985501740203
"ENSMUSG00000039100",4204.62669206249,-0.317736305673945,0.0956968701242957,0.000175408022864025,0.0045248773305479,"Marchf6",0.763392911108338,-0.0491563525878097
"ENSMUSG00000039263",1639.52394447038,-0.334763925197965,0.112976132361749,0.000446632667887889,0.00932391331068954,"Npepl1",0.0671923025746198,-0.254013758246267
"ENSMUSG00000039275",797.685393349235,-0.476270937643946,0.107604209710844,2.41917050422884e-07,1.76518807791897e-05,"Foxk2",0.0744266419317718,-0.225704652468161
"ENSMUSG00000039323",7.34758039875168,3.012179111723,2.08570458250359,9.88220514446406e-05,0.00282509383262356,"Igfbp2",0.168731135183124,0.486159061883911
"ENSMUSG00000039367",1024.44883820162,-0.287074957591715,0.120109637985467,0.00349281348563003,0.0417801569401319,"Sec24c",0.652029389146032,-0.0848639299822454
"ENSMUSG00000039377",179.334480070844,0.67788134112585,0.278977874551865,8.36754714579626e-05,0.0024896296100007,"Hlx",0.240405590886469,0.277629323346426
"ENSMUSG00000039478",317.827041435747,-0.45695872373525,0.242173504380083,0.00148417073987055,0.0225167434019433,"Micu3",0.26154961217056,-0.26479962542245
"ENSMUSG00000039483",143.529671075989,-0.438639738481578,0.293548887827121,0.00384656310901401,0.0448382527580369,"Asb6",0.915985216495966,-0.0373509444576258
"ENSMUSG00000039662",574.750083223007,-0.252797447398948,0.103820641756638,0.00437149215874919,0.0489651859272762,"Icmt",0.179636805130514,-0.184940834301505
"ENSMUSG00000039745",125.770932400887,0.467606960303704,0.199072339651253,0.000442376999374088,0.00928567501562897,"Htatip2",0.208949059647612,-0.272223932247731
"ENSMUSG00000039853",11.4278964638447,0.658051715827818,0.788891862225923,0.00379829812987262,0.044528429136324,"Trim14",0.792934116013779,-0.0934564439277726
"ENSMUSG00000039952",3987.73563868533,-0.293601579799251,0.0877287827489543,0.000206927629849986,0.00514732479251841,"Dag1",0.451577558334851,0.0978598331919805
"ENSMUSG00000040118",9173.78843476428,-0.412264511982276,0.137045383114154,0.000141415877224308,0.00379494831297385,"Cacna2d1",0.00529155074086253,-0.413031306408079
"ENSMUSG00000040247",41.9784215708111,-0.452024891165587,0.297799001037363,0.00332566364299326,0.0403476991303134,"Tbc1d10c",0.144170964060455,-0.375686340851267
"ENSMUSG00000040312",16.2874554507653,0.564481828692482,0.487902154110124,0.00359413628651238,0.0427253299598365,"Cchcr1",0.850847993000081,0.069767699367215
"ENSMUSG00000040331",477.456198721308,0.264027484648715,0.10690302307339,0.00362229319876574,0.0429933374784565,"Nsmce4a",0.353469574696898,0.141471796314578
"ENSMUSG00000040407",1490.59716888024,-0.426338977981026,0.203664927474582,0.00127662735567632,0.0203556305629846,"Akap9",0.178952073335003,0.286800759050301
"ENSMUSG00000040459",832.652129771027,-0.267329224799906,0.0949538699699254,0.00140062133754343,0.0218328797102523,"Arglu1",0.0128431552556517,-0.284528617101092
"ENSMUSG00000040471",3.90927374738965,0.66479323557689,1.20773128675058,0.00427377653814271,0.048187695286211,"Ggt6",0.902700801067107,0.0427165913890899
"ENSMUSG00000040717",76.0392627302359,-0.388658359345819,0.211615452236737,0.00324837448319963,0.0398198737648544,"Il17rd",0.0466812541855521,-0.430317868548577
"ENSMUSG00000040721",189.516159684348,-0.458967700545863,0.219986901758534,0.000924460845951352,0.0158097249358399,"Zfhx2",0.344665539264877,0.216003321126113
"ENSMUSG00000040751",9.84521273512902,0.725806309112532,0.852021406139824,0.00302658496726387,0.0380134110273641,"Lat2",0.502772030754045,0.221330210490449
"ENSMUSG00000040774",276.412877393164,-0.478640185020247,0.17951499290881,0.000163818212108415,0.004276297213181,"Cept1",0.232097258224599,-0.23409791213063
"ENSMUSG00000040794",102.79739433177,-0.841208213009997,0.340578939146443,5.77810834701257e-05,0.0018483915282103,"C1qtnf4",0.0599690439172703,-0.466780457683576
"ENSMUSG00000040852",52.7753694495453,0.925617698965936,0.412524172693965,0.00010729634678641,0.00302224617979441,"Plekhh2",0.292539345759918,0.29599010203848
"ENSMUSG00000040883",169.733857223833,0.407926639431702,0.199485128703362,0.00173822272560442,0.0250798369344977,"Tmem205",0.296824257029601,0.233622767520381
"ENSMUSG00000041229",152.362892001202,-0.536794295643737,0.24196537812471,0.000334910008241781,0.00750266967293686,"Phf8",0.400264357726357,-0.199078926107619
"ENSMUSG00000041476",5302.73244911256,0.510910667536007,0.147076174122602,7.51495087794169e-06,0.000355406149082409,"Smpx",0.163706980523358,0.230156915964283
"ENSMUSG00000041548",7003.61001119954,0.514666373511191,0.193828214867077,0.000114270659034836,0.00318937943240582,"Hspb8",0.137172944020923,-0.290880068581897
"ENSMUSG00000041702",404.81645157497,-0.485483866636655,0.130928109958436,4.38764875807236e-06,0.000221157703684022,"Btbd7",0.000660415001135772,-0.460257275063214
"ENSMUSG00000041731",265.282284696901,1.022309779544,0.203723489098758,5.53800612508768e-09,5.81225122292593e-07,"Pgm5",0.485954226262673,-0.161867522082381
"ENSMUSG00000041736",415.035556699868,0.475392207457476,0.300009314541705,0.00245911104549369,0.0328233737773374,"Tspo",0.0723637857376851,0.456171817905265
"ENSMUSG00000041801",2787.80336505641,0.421987233525264,0.249084829784609,0.00303250224169436,0.0380565371412635,"Phlda3",0.207363479026671,-0.305048252169438
"ENSMUSG00000041977",453.457318337183,-0.314723933745363,0.134775871840982,0.00290886508514773,0.0371128557033461,"Arhgef11",0.620410795922379,-0.100158059342571
"ENSMUSG00000042254",398.398729137946,1.41725944760635,0.414223913220966,3.9528727566798e-06,0.000201228801497025,"Cilp",0.139119788213375,0.4253606954328
"ENSMUSG00000042700",265.495319516878,-0.382747332910427,0.145440691851094,0.000607114552572399,0.0116285203613336,"Sipa1l1",0.987867424378316,0.00412954266171159
"ENSMUSG00000042992",172.780057959771,-0.331746729570136,0.134752109378963,0.00176801282923338,0.0254139405087646,"Borcs5",0.029911593301651,-0.344336354809427
"ENSMUSG00000042997",112.009123777375,0.451094531272667,0.222019185914734,0.00113326619553082,0.0185325911570104,"Nhlrc3",0.0313034250297846,0.45547216512006
"ENSMUSG00000043251",26.820229466629,0.664034411064278,0.576307633662377,0.00247652867941911,0.0329122714264865,"Exoc3l",0.715863982571847,-0.124768167510648
"ENSMUSG00000043518",145.212552065477,-0.371045503737662,0.198154374405097,0.00370942596138504,0.0437997815109446,"Rai2",0.446621467769434,-0.179472470167216
"ENSMUSG00000043613",5.98441988361399,0.757082730688047,0.95678861632414,0.00296933831765082,0.0375096216334407,"Mmp3",0.490855500052862,0.225947037765828
"ENSMUSG00000044734",92.9100582827666,1.06463369736079,0.536258195733788,0.000177106876556971,0.00453814158776332,"Serpinb1a",0.939920855285853,0.0293270474538016
"ENSMUSG00000044952",69.4527377757609,-0.511299201773243,0.25520891328902,0.000718777030645824,0.0131537494158036,"Kctd21",0.0957538136687015,-0.37608735987553
"ENSMUSG00000045103",2619.66003363354,-0.628798863814915,0.193262554974029,5.42910104742234e-06,0.000267492332313995,"Dmd",0.840942543200987,-0.0514819793901848
"ENSMUSG00000045636",2043.59062039682,-0.299275502256939,0.12711126183143,0.0033238789221312,0.0403476991303134,"Mtus1",0.108114186225674,-0.25434760133919
"ENSMUSG00000045854",157.328718973528,0.35097983822348,0.167122127813094,0.00306944061787688,0.0382171492491936,"Lyrm2",0.832271194389176,-0.05695437948669
"ENSMUSG00000046667",68.7907775023298,-0.545170897882157,0.386727553887134,0.00239716409681806,0.0323913099255231,"Rbm12b1",0.941153217407472,-0.0276009978917674
"ENSMUSG00000046805",162.540450601816,0.707020439922277,0.529255896957014,0.00154016415742214,0.022938523054681,"Mpeg1",0.155985752005989,0.439954470947585
"ENSMUSG00000046865",202.773285956864,0.380643326628742,0.157861939359367,0.00107613561664409,0.017864212855094,"Fbl",0.0329616983510461,0.374984509650696
"ENSMUSG00000047061",115.782474365002,0.462302413749986,0.220067004229804,0.000864826954794548,0.0150587993503601,NA,0.592536871177692,0.138230544574815
"ENSMUSG00000047180",24.6834819917091,1.10519304988848,0.510015426741026,0.000111061601410214,0.00311114610312379,"Neurl3",0.393457931073699,0.259696035018079
"ENSMUSG00000047187",3238.04277385839,-0.338599963799004,0.111185088118765,0.000333071498317201,0.0074724078604897,"Rab2a",0.0484940761268228,-0.265775630547061
"ENSMUSG00000047466",413.024409875675,-0.441227719272674,0.128818848897968,2.38772035276973e-05,0.000905619776373529,"Ark2n",0.0441341086227872,-0.2925283892891
"ENSMUSG00000047515",9.70613354324892,1.08918678122658,1.7969074745171,0.00131521583486592,0.020819268840548,"BC049715",0.987328233510128,0.00575520670408415
"ENSMUSG00000047714",2349.51388013815,-0.286026686574066,0.0998137788641554,0.00101516752922943,0.0170938593960248,"Ppp1r2",0.0287011019641529,-0.266231877467989
"ENSMUSG00000047821",773.676216315061,0.566796465382004,0.231085800708759,0.000135313766951528,0.00366327358833616,"Trim16",0.941503900220195,0.0227113718347772
"ENSMUSG00000047879",1000.55753955432,0.301931075716764,0.114856506145565,0.00164693967709614,0.0241032059905865,"Usp14",0.440688584705497,0.127355508362068
"ENSMUSG00000047963",984.202407685623,0.346074924059731,0.152352539397703,0.00228487447941522,0.0313780624140373,"Stbd1",0.878573288338545,-0.0395419580540904
"ENSMUSG00000048047",156.337648268501,-0.378285793636144,0.189164986724528,0.00268225347640041,0.0350470188210777,"Zbtb33",0.0952236234272719,-0.342138903207883
"ENSMUSG00000048327",8.40064936208354,1.38770452844975,1.38553826824872,0.000752783266532906,0.0135864522886734,"Ckap2l",0.232518471197183,0.413241060454345
"ENSMUSG00000048612",114.247275607822,0.579514518609653,0.426747801792095,0.00229890308930269,0.031479975011068,"Myof",0.12286566747574,0.453357854159267
"ENSMUSG00000049038",148.835321106049,0.516353448592747,0.327540654880924,0.00193008493409245,0.0272829256873603,"Mterf2",0.737821875573552,0.105242908954093
"ENSMUSG00000049287",255.085969231798,0.408711282701088,0.162209169367655,0.000576701381318318,0.0111373243652679,"Iba57",0.779335998508692,0.0685386180862329
"ENSMUSG00000049551",249.975729423214,-0.400058473078255,0.244570995913528,0.00415112788722336,0.0469662580130244,"Fzd9",0.180353358942068,-0.32299701308831
"ENSMUSG00000049775",1879.83271995864,0.403732073454362,0.137713957052942,0.000199883081509932,0.00502099747209292,"Tmsb4x",0.284362340088686,-0.186049307926846
"ENSMUSG00000050503",123.881997636523,0.636046625973133,0.287619806662702,0.000194206998890784,0.00491061690429617,"Fbxl22",0.569285551390269,0.155418370352839
"ENSMUSG00000050947",595.38252439648,-0.593443311824271,0.245500024813067,0.000126910395210209,0.00347258568893934,"Amigo1",0.0795486557963723,-0.373727880558637
"ENSMUSG00000051067",260.872412918096,-0.826397084505076,0.236850853754815,1.54442069736267e-06,8.86335518565103e-05,"Lingo3",0.0910979320445373,0.339505261503308
"ENSMUSG00000051279",20.3213516453255,0.973182945592952,0.725472242599089,0.000784379381040922,0.013959402155273,"Gdf6",0.929957672170561,0.0344545238942573
"ENSMUSG00000051367",1173.26325334944,-0.319183742392222,0.132636054790479,0.00234305414060314,0.0318568044334178,"Six1",0.49972191395292,-0.127898364150458
"ENSMUSG00000051403",1056.77512411896,-0.256097630459245,0.103049539586278,0.00374645526699789,0.04413133015806,"Ppp1r37",0.948139097940809,-0.0132997618321341
"ENSMUSG00000051469",515.349533703306,-0.401270673307279,0.184213969216823,0.00141170726084092,0.0218984023478717,"Zfp24",0.0178189220507744,-0.45156108147056
"ENSMUSG00000051627",173.187926890378,0.922297630965556,0.31416819145784,1.33761606072837e-05,0.000561542216398377,"H1f4",0.612305938097247,0.143855080254681
"ENSMUSG00000051747",160324.435120673,-0.450389261838517,0.244029103705123,0.00172218073318627,0.0249333046344356,"Ttn",0.743189597298803,-0.0941368596207408
"ENSMUSG00000051985",4667.77570069211,2.72418865816494,0.652873783351079,2.33335612893198e-07,1.71071846715908e-05,"Igfn1",0.155154088102546,-0.483291188769568
"ENSMUSG00000052214",914.937182047417,-0.675224445968038,0.182188587649364,6.6323053184929e-07,4.36166585387411e-05,"Opa3",0.00374700799872878,-0.476207042272968
"ENSMUSG00000052406",266.576650855649,-0.348212701053548,0.172950639965183,0.00375839127395628,0.0442318198854317,"Rexo4",0.730909395390108,-0.0862113483784255
"ENSMUSG00000052516",23.0385827239164,3.53497084226868,0.861651264837424,5.30177180178153e-07,3.56311619818852e-05,"Robo2",0.882099431033854,-0.0555336114239256
"ENSMUSG00000052684",2739.42225133027,0.399115686986986,0.199932666391939,0.00212224992369831,0.0295898412928382,"Jun",0.0359739751838553,0.428659802008504
"ENSMUSG00000052698",1538.73213393846,-0.505599020818615,0.144144629954205,7.10871087878386e-06,0.000340396177486266,"Tln2",0.000682588638231057,-0.489871929092746
"ENSMUSG00000052727",524.994626808376,2.11189314903672,0.305051989574326,2.2926389124787e-14,7.80669023464691e-12,"Map1b",0.886272640096823,0.0494290684474228
"ENSMUSG00000052833",482.217663065065,0.506031759940671,0.196426687833239,0.000157983283391973,0.00415227761820789,"Sae1",0.139119788213375,0.294371426636614
"ENSMUSG00000052915",955.040643635648,-0.305270266541493,0.124248091319282,0.00244131884232467,0.0327191867208927,"Msl1",0.0518617350175496,-0.293127290169784
"ENSMUSG00000053483",196.07949835474,-0.540493624797581,0.219850357698437,0.000162839345180724,0.00426527741231493,"Usp21",0.0641244154172171,-0.376340110847907
"ENSMUSG00000053799",1003.81939870851,-0.245592058434841,0.0857213957537566,0.00146190659403844,0.02233379336037,"Exoc6",0.324326640765741,-0.120151564543602
"ENSMUSG00000053819",788.644546544948,0.328050335182193,0.157467947837156,0.00421109337741416,0.0475859762699979,"Camk2d",0.885142678876403,0.0388603971436286
"ENSMUSG00000053886",74.9809862506157,0.782442156853489,0.327744182081518,7.82348526721319e-05,0.00235519184183709,"Sh2d4a",0.704058665364437,-0.114402654567808
"ENSMUSG00000054277",166.779450269828,1.11078926870315,0.197712633293847,4.91733631784834e-10,7.20291830204109e-08,"Arfgap3",0.554775187040638,0.142362337012065
"ENSMUSG00000054452",11841.5218256648,-0.32058180056722,0.118295060834322,0.00107723896613632,0.017864212855094,"Tle5",0.00701775121989214,-0.367774947310572
"ENSMUSG00000054871",43.4947990037506,1.85724406679043,0.487696474519766,7.64210875738711e-07,4.83884431774556e-05,"Tmem158",0.22748084178969,0.372599474934247
"ENSMUSG00000054920",114.343689898313,0.654127096194602,0.241787024008178,3.59463014413947e-05,0.00126042374596451,"Klhl5",0.135030967525912,0.323087772813361
"ENSMUSG00000055239",4416.92177471262,-0.302519219641813,0.121204078326592,0.00228973068758482,0.0313824180016657,"Kcmf1",0.148233548203695,-0.223714146605167
"ENSMUSG00000055435",4013.12856224762,-0.777049014316512,0.256206897957351,8.53417836695747e-06,0.000384615338579086,"Maf",0.884521504863305,0.0440289823276524
"ENSMUSG00000055932",1339.92969156232,-0.299167499231009,0.111975115298584,0.00151568098291657,0.0228295784803179,"Fto",0.0505081236450303,-0.268542180837556
"ENSMUSG00000056201",618.925785203605,0.488592027119401,0.166353506603937,6.39172788951156e-05,0.00199065948071109,"Cfl1",0.255558836035714,0.214052911466804
"ENSMUSG00000056268",308.609202331347,-0.58091604507236,0.207607339300237,3.99234454460728e-05,0.00135943767682261,"Dennd1b",0.0159111103169453,-0.449330814701861
"ENSMUSG00000056476",11.6096455844514,-0.934131993755353,0.773342278589012,0.00107610010037392,0.017864212855094,"Med12l",0.249942151112301,-0.372898176175515
"ENSMUSG00000056569",146.571384795218,-0.546695708390173,0.26963400848051,0.000527094948193273,0.0105165050666218,"Mpz",0.295497046673328,-0.252412591518637
"ENSMUSG00000056851",1890.86141348993,-0.365593563587079,0.0931735536998831,1.05468345784053e-05,0.000462713851032603,"Pcbp2",0.00275414832741758,-0.320046290803918
"ENSMUSG00000057193",3156.7673392137,-0.365919565702875,0.123600872390445,0.000304604973138704,0.00692501780920529,"Slc44a2",0.00246580775763036,-0.416731835504367
"ENSMUSG00000057406",202.517761832802,0.573141925489426,0.368686384605424,0.00152076784962568,0.0228308593435979,"Nsd2",0.755051974760529,-0.100955450716441
"ENSMUSG00000058586",240.282274674399,0.415442758084676,0.172767392127331,0.000704686142691058,0.0129626719861406,"Serhl",0.218257852956738,0.243405519983856
"ENSMUSG00000058672",223.584884596986,0.387865418395024,0.233609421616296,0.00448811435283355,0.0499066590917768,"Tubb2a",0.646528704963178,0.127642423034546
"ENSMUSG00000058886",126.164644070959,-0.40958315125605,0.20975349248461,0.00206436615209569,0.0289407891569645,"Deaf1",0.0867937405982176,-0.368041497716457
"ENSMUSG00000059475",124.842012763466,-0.515038969957347,0.236617508586132,0.000444945121048401,0.00930843140698291,"Zfp426",0.290244480765058,-0.241999063144012
"ENSMUSG00000059552",168.138614348556,0.424053044497849,0.190896551005795,0.00098108778526597,0.016611279705669,"Trp53",0.786217332348462,-0.0730295859889799
"ENSMUSG00000059920",941.438193366125,-0.371304755296117,0.135492148987372,0.000528805501542373,0.0105369137843092,"4930453N24Rik",0.308908347490104,-0.17800006106394
"ENSMUSG00000060147",6337.7498476262,0.557841479356418,0.223528256949844,0.000126730947812555,0.00347258568893934,"Serpinb6a",0.083614579894976,0.354221344495767
"ENSMUSG00000060261",1852.68898618771,-0.290915090378427,0.104499791151299,0.00121811945609655,0.0195687174594407,"Gtf2i",0.147062453060324,-0.19756596905174
"ENSMUSG00000060657",591.304249265801,-0.278756721146969,0.0996992786014342,0.00132914468541124,0.0210180433586753,"Marf1",0.233435701214809,-0.161148767546898
"ENSMUSG00000061273",865.291373950435,-0.297838310795349,0.115077865752312,0.00191218792885502,0.0270548990155545,"Mmgt1",0.0839167101607274,-0.24832463464774
"ENSMUSG00000061462",44388.5848176708,-0.379611861620615,0.1269383827509,0.000232596612233806,0.00559509872725057,"Obscn",0.918466365132347,0.0234620328524044
"ENSMUSG00000061689",934.719845643897,0.332317140159086,0.150524397950101,0.00310477726494632,0.0384595812698241,"Dlgap4",0.0589669991496664,-0.333597442710645
"ENSMUSG00000061825",58.9341644276281,6.54751226964462,0.969300171768549,9.41476924848713e-14,2.88525018389137e-11,"Ces2c",0.583516668415161,0.179382539656857
"ENSMUSG00000062300",51.6279105388992,0.6909333238549,0.379644407047176,0.000504074247296957,0.0101497105010923,"Nectin2",0.394507087164901,0.239597963462198
"ENSMUSG00000062352",288.358003869736,-0.333079422774741,0.156722029141231,0.00364260094621916,0.0431457065344645,"Itgb1bp1",0.0726392282918689,-0.32657280299568
"ENSMUSG00000062929",6191.31824175585,0.310146849834718,0.0800942510490847,2.4850589491361e-05,0.000934343503974499,"Cfl2",0.000755299085945622,0.311064050239096
"ENSMUSG00000063052",117.255804359132,-0.60089944749581,0.324508206509565,0.000633889250912047,0.0120360408819397,"Lrrc40",0.0725752109459294,-0.447606391054485
"ENSMUSG00000063235",513.977723553001,-0.387410215424509,0.135382725038647,0.000305295375116712,0.00693043115987168,"Ptpmt1",0.618757981561871,-0.0982870709928256
"ENSMUSG00000063273",1007.71711715694,-0.323231547581439,0.142022746519045,0.00299767629099987,0.0377431337773139,"Naa15",0.107922100395898,-0.276770438002557
"ENSMUSG00000063765",14.6380163521065,-0.653904843388591,0.589300628068527,0.00274474949451987,0.0356120207489653,"Chadl",0.16650690306261,-0.458715954346265
"ENSMUSG00000064145",1441.12750329251,-0.30352966716109,0.122916834290589,0.00241568365570373,0.0325104469337474,"Arih2",0.321698530273731,-0.165247845976855
"ENSMUSG00000066894",99.2401305935666,0.553816655374113,0.290312259399476,0.000693557814942472,0.0128195252091237,"Vsig10",0.177941800526089,0.330865003143796
"ENSMUSG00000067071",108.481679334327,1.02745957535763,0.259696610292487,4.91158130373026e-07,3.33009558925039e-05,"Hes6",0.655492801442419,0.123764354806198
"ENSMUSG00000067279",9760.0605760655,-0.94787964517999,0.357143964524787,3.28713594223971e-05,0.00116864928173873,"Ppp1r3c",0.0671923025746198,-0.468810515514546
"ENSMUSG00000067336",1980.12626085141,-0.281574564636646,0.0876419287221038,0.000364307662159684,0.00805524719664189,"Bmpr2",0.0469115203272573,-0.218089874600333
"ENSMUSG00000067629",32.2388047393528,-0.547254348028056,0.482478943849123,0.00402327591858041,0.0460127314187403,"Syngap1",0.242597583187909,-0.358231500887398
"ENSMUSG00000067851",1908.85639870002,-0.478948436208584,0.120505313499444,1.6595945282166e-06,9.31500621093884e-05,"Arfgef1",0.00144161105409568,-0.405445587280925
"ENSMUSG00000068614",12176.2393991675,1.10113105519929,0.453294224317606,5.92486951705476e-05,0.00188745895238732,"Actc1",0.964820253205895,0.0175255497739109
"ENSMUSG00000068747",3399.34643957131,-0.345598095415011,0.173577024644111,0.00404715930751722,0.0461075257019229,"Sort1",0.765384852735896,-0.0769770454675017
"ENSMUSG00000070713",60.1186430802741,1.05314311212386,0.390016959347584,2.94879546278526e-05,0.00107581887800616,"Hmgn2-ps",0.744049439633668,0.105889657270074
"ENSMUSG00000073016",106.796641394328,0.362287188504686,0.178313602378485,0.00305478575485218,0.0381457808677816,"Uprt",0.645408295025679,0.114134075932828
"ENSMUSG00000074063",342.449627164438,-0.440982474536333,0.237560902820415,0.00183501660907392,0.0262049948749671,"Osgin1",0.677217801328178,0.113721603679097
"ENSMUSG00000074165",134.962473622007,-0.436601253660994,0.205492296445861,0.00106470910344226,0.0177524892187657,"Zfp788",0.304744874329226,-0.227384769179356
"ENSMUSG00000074207",571.460443199968,0.925337960503135,0.328926568693326,1.98958012769849e-05,0.000790453560605951,"Adh1",0.118827455046714,0.385642475136866
"ENSMUSG00000074466",224.719974139078,-0.344831213036225,0.160881296093708,0.00303697203290271,0.0380814422750967,"Gm15417",0.356772385109947,-0.188077226741419
"ENSMUSG00000074622",809.826947133733,-0.749900181857578,0.372123252681098,0.000253590879766398,0.00600511299600022,"Mafb",0.0851433710771738,-0.448699851275525
"ENSMUSG00000074634",428.469689394876,-0.357390783223051,0.114059741617351,0.000200719783090638,0.00502553796780694,"Tmem267",0.12937406830379,-0.216612279951187
"ENSMUSG00000078768",26.1651002771642,-0.595228196631351,0.52905852503616,0.00333731267636135,0.0404250135493162,"Zfp566",0.169415566759598,-0.439944646547029
"ENSMUSG00000078771",32.1518468444908,1.32199717412028,0.423134326506585,9.23838507080861e-06,0.000411510972209303,"Evi2a",0.897770944923432,0.0482546539392153
"ENSMUSG00000078864",12.9410837086221,-0.92483307410367,0.676111461911113,0.000828522945321271,0.0145590104256397,"Gm14322",0.573720298098561,-0.183878481180959
"ENSMUSG00000078901",386.242412524539,-0.349474335573334,0.14615094452783,0.00167543575934839,0.0243805338466244,"Zfp1009",0.0536340294237888,-0.326837290313299
"ENSMUSG00000078915",47.4356107530509,0.841718881990201,0.483151169413235,0.000443089584698604,0.00928790931099414,NA,0.142767335205781,0.433558450381379
"ENSMUSG00000079471",39.3464421409234,3.35382439584979,2.01951091422153,6.04771960138764e-05,0.00191465304653022,"Mymx",0.936958190330702,0.0288357453267234
"ENSMUSG00000079523",316.278952628859,0.385280292147362,0.222835059638534,0.00409118142724729,0.0465744227412409,"Tmsb10",0.354244080753795,-0.227157921709007
"ENSMUSG00000087249",160.196967211948,-0.414587631174287,0.272322407278168,0.00444211529465334,0.0495117861487381,"Gm16062",0.94919391292617,-0.0227025602426037
"ENSMUSG00000091264",937.273812281028,-0.356480840526463,0.117892166090569,0.00028475012374692,0.00655139060987095,"Smim13",0.0729531152198117,-0.256962332611492
"ENSMUSG00000092124",18.9678085766924,0.531504317711613,0.479469456179323,0.00450296915347316,0.0499723394214005,NA,0.347544417906313,0.292396611105183
"ENSMUSG00000093803",89.8523136634208,0.498819589624505,0.296597258043823,0.00169701521127791,0.0246477384667407,"Ppp2r3d",0.538537998471612,0.173346254956601
"ENSMUSG00000097431",117.52578782461,0.512440940538909,0.239978547797971,0.000506950046185651,0.0101942198919983,"Gm26782",0.680418202745681,0.111617545872125
"ENSMUSG00000097603",13.8962956686278,4.51262184676867,1.18238425647805,1.00136320206464e-06,6.06477800206973e-05,NA,0.29829450983718,0.343408421236062
"ENSMUSG00000100335",6.74202231429682,1.79464773913973,1.55675906900569,0.000394463687368663,0.00849129262064207,"2310008N11Rik",0.992915033948101,0.00358569655589435
"ENSMUSG00000104876",14.6093785806426,1.89054231526659,1.06460705703332,0.000115423364222522,0.0032040438586625,NA,0.882099431033854,0.0563046939555548
"ENSMUSG00000107928",29.0107655563198,-0.485067257403395,1.39713810119488,0.00293360335023658,0.03733521938179,NA,0.977067305344148,-0.00961444940190486
"ENSMUSG00000111000",77.2187378967623,0.50235581904592,0.315795938255942,0.00203300169448539,0.0285271840335161,NA,0.394136688560058,0.233260082194062
"ENSMUSG00000111293",26.1321794063383,3.96578438963983,0.671802560697533,2.21376139014292e-10,3.60866657246382e-08,NA,0.492637062166038,0.226532637658468
"ENSMUSG00000114147",4.43345672658301,-1.12118592786232,1.39940204758661,0.00140812266406715,0.0218956367793281,"Gm18939",0.246143104112339,-0.398076058933392
"ENSMUSG00000117098",1782.64856281502,0.969088806649149,0.122037876439414,3.77401677724049e-17,1.60636830771267e-14,NA,0.00519346762458857,0.363076459663436
"ENSMUSG00000118462",11.6970843285806,-0.727281488921819,0.68591604002539,0.00231707037272566,0.0316439120510474,"Saxo3",0.522593744702449,-0.207920239227345
"ENSMUSG00000118667",144.190504428902,0.82415854651791,0.483049702479408,0.000500324453500498,0.0101166945273315,"Ahnak2",0.792571970118196,-0.0905853583710828
"ENSMUSG00000118671",11.2311791185549,0.841401943234077,1.08511584686057,0.00246353589676109,0.0328233737773374,NA,0.174382672042576,0.493453829502907
"ENSMUSG00000119994",225.604111465542,-0.407530167669113,0.254817516243652,0.00412698275395912,0.0467734887122157,"A430046D13Rik",0.0505498141253158,-0.469840807009481
"ENSMUSG00000120312",23.6532785206441,-1.05460067744203,0.54451098238598,0.000200348280250099,0.00502444631468455,NA,0.865606251887896,-0.0617181276993295
"ENSMUSG00000121583",864.919066328379,-0.332646829898497,0.102296879389738,0.000185800342634316,0.00473253795455857,"Zftraf1",0.0328835469294093,-0.264417146140297
