"Gene","Symbol","LFC_Age","LFC_Combined","LFC_DR","LFC_sAct","Restoration_DR","Restoration_sAct","Restoration_Combined","Intervention_DR_Effect","Intervention_sAct_Effect","Intervention_Combined_Effect"
"ENSMUSG00000000194","Gpr107",-0.475373679492608,0.214683731562033,0.288359131870655,0.00574282442340482,0.606594652397324,0.0120806529076966,0.451610471558242,"Rescue","Rescue","Rescue"
"ENSMUSG00000000290","Itgb2",0.536663056226657,-0.131364374710811,-0.238303721413586,0.00134252664317341,0.444047188731656,0,0.244779984734649,"Rescue","Worsening","Rescue"
"ENSMUSG00000000441","Raf1",-0.355876705290907,0.26410593420254,0.565837392997746,0.000142898733364524,1.58998154300436,0.000401540003152814,0.742127625315206,"Rescue","Rescue","Rescue"
"ENSMUSG00000000827","Tpd52l2",0.340439221867076,-0.33305531564231,-0.293588648425107,-0.000204238081987848,0.862381974717761,0.000599925240304984,0.97831064768545,"Rescue","Rescue","Rescue"
"ENSMUSG00000001248","Gramd1a",0.496090362989336,-0.496229470899657,-0.44410523483971,0.000367735227554496,0.895210364828749,0,1.00028040841084,"Rescue","Worsening","Rescue"
"ENSMUSG00000001418","Glmp",0.425531189247162,-0.166864109681885,-0.138543324810595,-0.00050827781714972,0.325577368501947,0.00119445490716897,0.392131326441891,"Rescue","Rescue","Rescue"
"ENSMUSG00000001521","Tulp3",0.598464096381742,-0.308254126138594,-0.654714882950212,-0.000426514350869826,1.09399191515173,0.000712681601868002,0.515075387148986,"Rescue","Rescue","Rescue"
"ENSMUSG00000001552","Jup",0.466840002985574,-0.472392428707177,-0.235565015012422,0.000208551847203478,0.50459475089092,0,1.01189363740488,"Rescue","Worsening","Rescue"
"ENSMUSG00000001604","Tcea3",-0.556069714979618,0.131028850939086,0.197727569590084,-0.000518422252795563,0.355580540107874,0,0.235633855628855,"Rescue","Worsening","Rescue"
"ENSMUSG00000001911","Nfix",-0.341193241742959,0.0231755820991067,0.202659294422865,-3.51239741486754e-05,0.593972182413685,0,0.0679250913081281,"Rescue","Worsening","Rescue"
"ENSMUSG00000002076","Hsf2bp",0.648123434659896,-0.170941327782768,-0.161532290688539,0.00378485014634171,0.249230751505388,0,0.263748105131347,"Rescue","Worsening","Rescue"
"ENSMUSG00000002395","Use1",0.409779029758548,-0.0555412491970569,0.0356836819937775,-6.95553795701308e-05,0,0.000169738748249549,0.135539510720651,"Worsening","Rescue","Rescue"
"ENSMUSG00000002396","Ocel1",0.503370133523494,-0.206886079265473,-0.0478729399772383,-5.7814904808832e-05,0.0951048478822867,0.000114855651852323,0.411001895995121,"Rescue","Rescue","Rescue"
"ENSMUSG00000002603","Tgfb1",1.36777492718063,-1.30383849400274,-1.38903865654329,0.000151673857842031,1.01554621958636,0,0.953255150458356,"Rescue","Worsening","Rescue"
"ENSMUSG00000003038","Hmgn2",0.975494081291294,-0.562711260112953,-0.537219997633043,-2.43999618693053e-05,0.550715794115231,2.50129266156143e-05,0.576847436499127,"Rescue","Rescue","Rescue"
"ENSMUSG00000003154","Foxj2",-0.351546035723594,0.148882843554827,0.0908842295220132,-1.42859107281543e-05,0.258527249027128,0,0.423508810868479,"Rescue","Worsening","Rescue"
"ENSMUSG00000003198","Zfp959",-0.51117619971338,1.18957483447851,1.20961797593028,0.00128611174843197,2.366342518702,0.00251598519092458,2.32713266999816,"Rescue","Rescue","Rescue"
"ENSMUSG00000003344","Btbd2",-0.277185063066255,0.187871317861188,0.230446828900093,0.00233710746408846,0.83138256567963,0.00843157794375748,0.677782979295251,"Rescue","Rescue","Rescue"
"ENSMUSG00000003500","Impdh1",0.456040169455967,-0.26423479383853,-0.0291995091261792,0.000466306482267236,0.0640283709240192,0,0.579411226326288,"Rescue","Worsening","Rescue"
"ENSMUSG00000003762","Coq8b",0.559979591322223,-0.161039195374837,-0.035184193609735,0.000185263096914019,0.062831206984987,0,0.287580472342915,"Rescue","Worsening","Rescue"
"ENSMUSG00000003779","Kif20a",0.639945148131507,-0.561240966752633,-0.770138401129422,-0.00011960869711483,1.20344439422355,0.000186904608096584,0.877014175966999,"Rescue","Rescue","Rescue"
"ENSMUSG00000003873","Bax",0.657335812046626,-0.188329543969424,-0.288085686898219,-0.000159096195451625,0.438262576933485,0.000242031839032589,0.286504311065994,"Rescue","Rescue","Rescue"
"ENSMUSG00000004071","Cdip1",-0.376241946008803,0.130858449940388,0.208301094802366,-0.000372216062901027,0.553636023340928,0,0.347803989769196,"Rescue","Worsening","Rescue"
"ENSMUSG00000004383","Large1",-0.325320717974147,0.0839010525726219,0.165391602991207,0.000146021389633393,0.508395542777422,0.000448853643698762,0.257902580244795,"Rescue","Rescue","Rescue"
"ENSMUSG00000004455","Ppp1cc",-0.391227984497529,0.227253627250482,0.333987299237686,-0.000180147686144936,0.853689696218026,0,0.580872627356537,"Rescue","Worsening","Rescue"
"ENSMUSG00000004837","Grap",0.576455527503264,-0.839293195683526,-0.837351755783937,-0.00186061132891558,1.45258691405157,0.00322767540624379,1.45595480594776,"Rescue","Rescue","Rescue"
"ENSMUSG00000004951","Hspb1",0.420329528466966,-0.28390127526506,-0.578073008811667,-0.000296530897186824,1.37528526944092,0.000705472437942528,0.675425484144571,"Rescue","Rescue","Rescue"
"ENSMUSG00000005034","Prkacb",-0.326984687846294,0.158229614042671,-0.0857783332635219,0.000579101730181092,0,0.00177103623412883,0.483905271176032,"Worsening","Rescue","Rescue"
"ENSMUSG00000005142","Man2b1",0.396922760460932,-0.255898063843246,-0.37827396464945,0.000113276070331803,0.953016562240406,0,0.644704938427014,"Rescue","Worsening","Rescue"
"ENSMUSG00000005233","Spc25",1.51682057697215,-0.654703102606611,-0.519841098885659,0.00162837209634305,0.342717594142452,0,0.431628573969849,"Rescue","Worsening","Rescue"
"ENSMUSG00000005886","Ncoa2",-0.291421145195469,0.103396327611688,0.157255458976197,0.000813150239736192,0.539615815697652,0.00279029251357439,0.354800361320162,"Rescue","Rescue","Rescue"
"ENSMUSG00000006024","Napa",-0.460134977342936,0.202799408846233,0.253880689492744,0.000532955178128558,0.551752642145977,0.00115825834672714,0.440738954507011,"Rescue","Rescue","Rescue"
"ENSMUSG00000006134","Crkl",-0.303213604278165,0.0395614755374561,0.0811912173394654,7.26807049214893e-05,0.267769045299766,0.000239701332314934,0.130473946350913,"Rescue","Rescue","Rescue"
"ENSMUSG00000006398","Cdc20",0.884129570241313,-0.599013349901513,-0.414356520058026,0.00329142062542714,0.468660402281231,0,0.677517606088007,"Rescue","Worsening","Rescue"
"ENSMUSG00000006519","Cyba",0.446497628050133,-0.443513135349692,-0.428212965111489,0.000159931789081597,0.959048689645916,0,0.99331577031333,"Rescue","Worsening","Rescue"
"ENSMUSG00000006585","Cdt1",0.603248527423449,-0.170806938836294,-0.12967152230321,0.000592307664165401,0.214955389708208,0,0.283145223024136,"Rescue","Worsening","Rescue"
"ENSMUSG00000006638","Abhd1",0.496769710950279,-0.450683211917406,-0.532629936499579,-0.000442716713442962,1.07218681968492,0.000891191036176666,0.907227638849571,"Rescue","Rescue","Rescue"
"ENSMUSG00000007415","Gatad1",-0.27966592376886,0.0387506523110191,0.0902551920844814,-0.000849072919715211,0.32272502444408,0,0.138560507439748,"Rescue","Worsening","Rescue"
"ENSMUSG00000007613","Tgfbr1",0.375678423073929,-0.00603547785759941,0.103160798758008,0.00020988437050035,0,0,0.0160655429934332,"Worsening","Worsening","Rescue"
"ENSMUSG00000007656","Arpp19",0.397445353006388,-0.0120190351524907,0.0439572099812143,0.000427886141144911,0,0,0.030240723816684,"Worsening","Worsening","Rescue"
"ENSMUSG00000007850","Hnrnph1",-0.532381911912745,0.202164658997416,0.135933494272329,-5.2381325503759e-05,0.255330790229042,0,0.379736152701127,"Rescue","Worsening","Rescue"
"ENSMUSG00000008435","Rdh13",-0.329303125135943,0.326713155853827,0.0818521333947946,-0.000119211444294563,0.248561665975701,0,0.992134999383784,"Rescue","Worsening","Rescue"
"ENSMUSG00000009739","Pou6f1",-0.40928828419105,0.15557886678751,0.160645995185234,0.0068134631547418,0.392500839604408,0.0166471003884425,0.380120498916817,"Rescue","Rescue","Rescue"
"ENSMUSG00000010097","Nxf1",-0.429272469463391,0.0658596499324557,0.151322117209371,0.00109525474790939,0.352508320411346,0.00255142089423648,0.153421555346382,"Rescue","Rescue","Rescue"
"ENSMUSG00000010751","Tnfrsf22",1.28612965198484,-1.76575687768718,-0.937124734305788,-0.00143371110364836,0.728639397170849,0.00111474850256019,1.37292292029979,"Rescue","Rescue","Rescue"
"ENSMUSG00000014846","Tppp3",0.545954584812336,-0.975286486591428,-0.629458468793874,-0.055663756143964,1.15295023854455,0.101956751884587,1.78638757457576,"Rescue","Rescue","Rescue"
"ENSMUSG00000014956","Ppp1cb",-0.31845103581089,0.198943988530343,0.182164980173119,-0.000966423782096271,0.572034503543888,0,0.624723948608805,"Rescue","Worsening","Rescue"
"ENSMUSG00000015087","Rabl6",-0.310215986089295,0.0207937673402406,0.0993712765918309,-2.42297600984422e-05,0.320329322303936,0,0.0670299670960707,"Rescue","Worsening","Rescue"
"ENSMUSG00000015095","Fbxw5",-0.269823195701553,0.0306038914179752,0.225354503542176,0.00017885620233746,0.835193219605321,0.000662864443038063,0.113422018216053,"Rescue","Rescue","Rescue"
"ENSMUSG00000015950","Ncf1",0.6453247791596,-0.315546284561868,-0.34552847421508,0.0010186113837499,0.535433452075184,0,0.48897283159156,"Rescue","Worsening","Rescue"
"ENSMUSG00000016757","Ttll12",0.407775174463551,-0.817071472589433,-0.604462571892932,-0.000236093642041939,1.48234274606867,0.000578979930184648,2.00373029982596,"Rescue","Rescue","Rescue"
"ENSMUSG00000017418","Arl5b",-0.358174438639863,0.122980501842541,0.129167088765061,0.00290868434905301,0.360626205643156,0.00812085965737393,0.343353652788707,"Rescue","Rescue","Rescue"
"ENSMUSG00000017615","Tnfaip1",-0.265437147964502,0.0231585289060445,0.079263029554842,-0.00104469689027632,0.298613175143978,0,0.0872467515705134,"Rescue","Worsening","Rescue"
"ENSMUSG00000017716","Birc5",2.24744105976177,-0.522934345839986,-0.142071290899596,0.0048736998358636,0.0632146904509501,0,0.232679893236184,"Rescue","Worsening","Rescue"
"ENSMUSG00000018008","Cyth4",1.3678496501148,-1.21550522041306,-0.485167364533206,0.00103848405229784,0.354693488785474,0,0.8886248721203,"Rescue","Worsening","Rescue"
"ENSMUSG00000018042","Cyb5r3",0.840542210606814,-0.33027578933321,-0.312076709411348,-1.25287046378021e-05,0.371280234916519,1.49055032331538e-05,0.392931830389308,"Rescue","Rescue","Rescue"
"ENSMUSG00000018507","Trpv2",0.702716134587296,-0.330050444511851,-0.217717244432303,-0.000154878567207768,0.309822464173486,0.000220399902015524,0.469678193322954,"Rescue","Rescue","Rescue"
"ENSMUSG00000018547","Pip4k2b",-0.518949811773608,0.0788160002283077,0.191365808072741,0.00141204341453447,0.368755906122621,0.00272096334269503,0.151875958792507,"Rescue","Rescue","Rescue"
"ENSMUSG00000018661","Cog1",0.374226668043754,-0.206008267680217,-0.201735834924113,3.90786678830789e-05,0.539073914690993,0,0.550490612433134,"Rescue","Worsening","Rescue"
"ENSMUSG00000018736","Ndel1",-0.332312210729388,0.293611068579944,0.204722773815134,0.000125191246101255,0.616055526114404,0.00037672779410204,0.883539813163955,"Rescue","Rescue","Rescue"
"ENSMUSG00000018774","Cd68",1.56821778989009,-0.537675455286604,-0.362075766441298,-0.000648183191930049,0.230883598423325,0.000413324728305421,0.342857643085587,"Rescue","Rescue","Rescue"
"ENSMUSG00000019102","Aldh3a1",1.0692575979966,-0.375014796492498,-0.624382495376716,0.0449325421325241,0.583940199767186,0,0.350724462650665,"Rescue","Worsening","Rescue"
"ENSMUSG00000019478","Rab4a",-0.401231598964402,0.0511923671059593,0.23128209830826,0.000675226912310244,0.576430418005985,0.00168288568012349,0.127588074414102,"Rescue","Rescue","Rescue"
"ENSMUSG00000019578","Ubxn6",-0.330809085582442,0.220804562603156,0.181660227429563,0.00303923372575487,0.549139172250124,0.0091872740447978,0.667468253522707,"Rescue","Rescue","Rescue"
"ENSMUSG00000020091","Eif4ebp2",-0.473524712509534,0.0812087730273731,0.0505699617535323,0.000567974076644144,0.106794767870777,0.00119946026393017,0.171498489692316,"Rescue","Rescue","Rescue"
"ENSMUSG00000020101","Vsir",0.750965998543514,-1.13040897630772,-0.918403858034713,-0.00121896987576097,1.2229633030203,0.00162320248603151,1.50527317947834,"Rescue","Rescue","Rescue"
"ENSMUSG00000020149","Rab1a",-0.242172761487919,0.041409649716834,-0.0590871167563224,-7.37615529482909e-05,0,0,0.170992185340794,"Worsening","Worsening","Rescue"
"ENSMUSG00000020311","Erlec1",-0.302707710814483,0.280326518372662,0.343048712865901,0.000103905650874271,1.13326717691754,0.000343254060475356,0.926063355368118,"Rescue","Rescue","Rescue"
"ENSMUSG00000020354","Sgcd",-0.361916588601478,0.183356391396883,0.0247972772503804,-0.000476397810745951,0.0685165533478372,0,0.506626104388889,"Rescue","Worsening","Rescue"
"ENSMUSG00000020393","Kremen1",0.395547878338465,-0.0285342657715606,-0.231070590101413,0.000395919239281002,0.584178560309933,0,0.0721385888641887,"Rescue","Worsening","Rescue"
"ENSMUSG00000020444","Guk1",0.308693123668188,-0.0987892173887998,-0.118016526939325,0.000223586697976362,0.382310190576776,0,0.32002402973831,"Rescue","Worsening","Rescue"
"ENSMUSG00000020476","Dbnl",0.367766819811047,-0.3522017528626,-0.148500846830303,-0.000266084070701158,0.40379076858157,0.000723512988033742,0.957676804676277,"Rescue","Rescue","Rescue"
"ENSMUSG00000020580","Rock2",-0.508562978329752,0.137281408885005,0.0669738245274794,0.000445293524891896,0.131692292560182,0.000875591704206136,0.269939839773377,"Rescue","Rescue","Rescue"
"ENSMUSG00000020608","Smc6",-0.340265864974293,0.348731635195871,0.224184334035488,-8.57925797677694e-05,0.65885049636826,0,1.0248798692229,"Rescue","Worsening","Rescue"
"ENSMUSG00000020644","Id2",0.476053785849456,-0.463939014147847,-0.541993357566333,0.929952708816518,1.13851286068278,0,0.974551674492007,"Rescue","Worsening","Rescue"
"ENSMUSG00000020647","Ncoa1",-0.56936204377832,0.429496153096369,0.592358870498855,0.00516789530045037,1.04039051596753,0.00907664175531603,0.75434630353335,"Rescue","Rescue","Rescue"
"ENSMUSG00000020658","Efr3b",-0.648526710769243,1.4878919547338,1.58419835731383,0.00252696607998063,2.44276501030274,0.00389647186155725,2.29426472345133,"Rescue","Rescue","Rescue"
"ENSMUSG00000020674","Pxdn",0.787001321070033,-0.730403748327565,-0.816916092903429,0.000592962174805327,1.03801108210686,0,0.92808452638235,"Rescue","Worsening","Rescue"
"ENSMUSG00000020737","Jpt1",0.73165898390648,-0.500805948550373,-0.755941651395019,0.0126210758281543,1.03318850451188,0,0.68448000990361,"Rescue","Worsening","Rescue"
"ENSMUSG00000020799","Tekt1",2.65695689170872,-1.78345222471182,-1.56528074708255,0.00295389756909467,0.589125383240938,0,0.671238675447558,"Rescue","Worsening","Rescue"
"ENSMUSG00000020844","Nxn",0.583751322464032,-0.268764045604009,-0.554054245178509,0.000464521021555706,0.94912717771641,0,0.460408456925711,"Rescue","Worsening","Rescue"
"ENSMUSG00000020847","Rph3al",-0.454468894650487,0.148831180284116,0.173486695791892,0.000144236240717317,0.38173502704803,0.000317373185305109,0.327483755293254,"Rescue","Rescue","Rescue"
"ENSMUSG00000020859","Spag9",-0.236433525394462,0.314925767412427,0.198434992864024,-0.00116355047862091,0.839284498816142,0,1.33198439978853,"Rescue","Worsening","Rescue"
"ENSMUSG00000020863","Luc7l3",-0.514108678838321,0.0946302911850915,-0.0157892979912031,1.54720224325913e-05,0,3.00948477811186e-05,0.184066706282644,"Worsening","Rescue","Rescue"
"ENSMUSG00000020953","Coch",-1.03047308615056,0.492764143320523,0.447337491183673,0.00454855320249397,0.434108854656991,0.00441404366948154,0.478192152656112,"Rescue","Rescue","Rescue"
"ENSMUSG00000020955","Ap4s1",-0.335688546998714,0.125175956919838,0.150701861199601,-0.000139371353379608,0.448933580090769,0,0.372893141690407,"Rescue","Worsening","Rescue"
"ENSMUSG00000021096","Ppm1a",-0.379029168841574,0.0333797124643077,0.0877784387245447,0.000259105072369165,0.231587555630143,0.000683601932698393,0.0880663421401738,"Rescue","Rescue","Rescue"
"ENSMUSG00000021123","Rdh12",0.833302178119448,-0.301885800548302,-0.228813250271411,-0.00458750580147403,0.274586166074573,0.00550521278106685,0.362276504820355,"Rescue","Rescue","Rescue"
"ENSMUSG00000021140","Pcnx1",-0.376318536180671,0.62402160897218,0.580101865982913,0.000108041523515161,1.54151818262921,0.000287101253665831,1.65822713732227,"Rescue","Rescue","Rescue"
"ENSMUSG00000021180","Rps6ka5",0.848002661423488,-0.290230290023639,-0.555925292535551,-0.00452720941257561,0.655570221445243,0.00533867358974567,0.342251626352738,"Rescue","Rescue","Rescue"
"ENSMUSG00000021188","Trip11",-0.350043430836578,0.596722239574532,0.212408499609328,-0.000185720805355925,0.606806130032744,0,1.70470915037146,"Rescue","Worsening","Rescue"
"ENSMUSG00000021190","Lgmn",0.571384608487432,-0.357955785678457,-0.247240253863404,0.000802607794916321,0.432703734386368,0,0.62647082256212,"Rescue","Worsening","Rescue"
"ENSMUSG00000021194","Chga",0.85899976215215,-0.575932456312739,-0.761117287990773,0.00108191930345209,0.88605063880793,0,0.67046870288973,"Rescue","Worsening","Rescue"
"ENSMUSG00000021215","Net1",0.78943817659529,-0.581447249324676,-0.224567144466771,0.000955239853934366,0.284464510489333,0,0.736532975681969,"Rescue","Worsening","Rescue"
"ENSMUSG00000021256","Vash1",0.875522682867466,-0.395897204140005,-0.289494303810778,0.00033553609569736,0.330653116676134,0,0.452183834739019,"Rescue","Worsening","Rescue"
"ENSMUSG00000021262","Evl",0.950868662341239,-0.61725573032216,-0.962865883725631,2.43974170656378e-05,1.01261711723137,0,0.649149303966277,"Rescue","Worsening","Rescue"
"ENSMUSG00000021500","Ddx46",-0.354041751925256,0.381899032558914,0.103108045156507,0.00145378987471756,0.291231315503925,0.00410626675190694,1.07868360294279,"Rescue","Rescue","Rescue"
"ENSMUSG00000021550","Qng1",0.344962279511564,-0.390466842394666,-0.236467799041869,4.86137126288166e-05,0.685488858018583,0,1.13191170625244,"Rescue","Worsening","Rescue"
"ENSMUSG00000021669","Cert1",-0.317386764206865,0.224100187571831,0.112667072988413,-8.11835693732531e-05,0.354983527022505,0,0.706079184278046,"Rescue","Worsening","Rescue"
"ENSMUSG00000021703","Serinc5",1.47646142641427,-1.05032100873294,-1.16944840897628,0.0243664897588994,0.792061606252996,0,0.711377209009616,"Rescue","Worsening","Rescue"
"ENSMUSG00000021830","Txndc16",-0.358047158086554,0.124547116621426,0.133700986141971,-0.000405122030539873,0.373417252790065,0,0.347851152588449,"Rescue","Worsening","Rescue"
"ENSMUSG00000021832","Psmc6",0.275415043545518,-0.23483683961196,-0.210865853400738,-0.000430926220494756,0.765629395860825,0.00156464300187559,0.852665259634405,"Rescue","Rescue","Rescue"
"ENSMUSG00000021973","Micu2",0.313484312805632,-0.299966203331853,-0.316390701356806,0.000470808610661888,1.00927124080042,0,0.956877875792909,"Rescue","Worsening","Rescue"
"ENSMUSG00000021996","Esd",0.535992313429794,-0.691813259266014,-0.784013638034842,-0.000991027015843314,1.4627329877512,0.0018489575148975,1.2907148888743,"Rescue","Rescue","Rescue"
"ENSMUSG00000022052","Ppp2r2a",-0.307000978908891,0.0327897214147407,0.0923282024575157,0.000549829191518912,0.300742371524867,0.00179096885447419,0.106806569579284,"Rescue","Rescue","Rescue"
"ENSMUSG00000022185","Acin1",-0.298219903940946,0.473996967665448,0.49824263687548,0.000756273138251376,1.67072227672014,0.0025359579567202,1.58942096554128,"Rescue","Rescue","Rescue"
"ENSMUSG00000022211","Carmil3",-1.55326279590693,0.530875913558296,0.668083290392474,0.00460740668063132,0.430116070605032,0.00296627633956887,0.341781129991158,"Rescue","Rescue","Rescue"
"ENSMUSG00000022255","Mtdh",-0.321180390228194,0.451579240880774,0.150948156565796,0.000412441861707894,0.469979367228956,0.00128414397097799,1.4059987926409,"Rescue","Rescue","Rescue"
"ENSMUSG00000022307","Oxr1",-0.350595525856916,0.0906703337314297,0.172294260652534,0.000777187521615931,0.491433141456717,0.00221676394676273,0.258618057118144,"Rescue","Rescue","Rescue"
"ENSMUSG00000022359","Ntaq1",1.01627670876787,-0.440921562640007,-0.436325546517187,-0.000637627270906473,0.429337347547978,0.000627415019359766,0.433859753781604,"Rescue","Rescue","Rescue"
"ENSMUSG00000022385","Gtse1",1.75933408321392,-1.20754792570637,-1.00693135764784,-0.00123215290317163,0.572336639899791,0.000700351863200847,0.686366470829939,"Rescue","Rescue","Rescue"
"ENSMUSG00000022440","C1qtnf6",0.839881355485131,-1.40513936162666,-1.18244549699602,2.50460172590351e-05,1.40787206344522,0,1.6730212576454,"Rescue","Worsening","Rescue"
"ENSMUSG00000022442","Ttll1",0.850275373002445,-0.408052899124792,-0.723528251160031,0.000723228296821819,0.850934031648063,0,0.47990675971703,"Rescue","Worsening","Rescue"
"ENSMUSG00000022463","Srebf2",0.400160986481282,-0.833630666841439,-0.56815751866911,-0.000152592801184904,1.41982236615584,0.000381328531116167,2.08323823412114,"Rescue","Rescue","Rescue"
"ENSMUSG00000022533","Atp13a3",1.43992159646248,-1.30176272750711,-1.32982577662815,0.00227169789697895,0.923540406571575,0,0.904051116883867,"Rescue","Worsening","Rescue"
"ENSMUSG00000022553","Maf1",-0.4192310369788,0.154900865138192,0.158632991563174,2.0560638031957e-05,0.378390380412594,4.90436924234614e-05,0.369488066185389,"Rescue","Rescue","Rescue"
"ENSMUSG00000022587","Ly6e",0.657070531055358,-0.831770187132669,-0.652381087293588,-0.00776835734020494,0.992863104430757,0.0118227145687507,1.26587656548334,"Rescue","Rescue","Rescue"
"ENSMUSG00000022663","Atg3",-0.339785667660959,0.0810601250757484,0.137937939746725,0.000138082852826464,0.40595573290737,0.000406382216698571,0.238562519819497,"Rescue","Rescue","Rescue"
"ENSMUSG00000022723","Crybg3",-1.02499061345862,0.803085150808871,0.566961772529446,0.00372361665570913,0.553138502035987,0.00363283000528617,0.783504883131592,"Rescue","Rescue","Rescue"
"ENSMUSG00000022770","Dlg1",-0.395618437031936,0.0671981187983757,0.0566246530556003,0.000547436948935837,0.143129459487322,0.00138374983997939,0.169855882608805,"Rescue","Rescue","Rescue"
"ENSMUSG00000022831","Hcls1",1.02645569963591,-0.50980456339354,-0.255154594520041,-0.0004354366115889,0.248578282151431,0.000424213740294248,0.496664944794372,"Rescue","Rescue","Rescue"
"ENSMUSG00000022892","App",0.395366484563376,-0.963319145991505,-0.897979830689703,0.000490879257748614,2.27125936504555,0,2.43652202096834,"Rescue","Worsening","Rescue"
"ENSMUSG00000022912","Pros1",0.606678458508265,-0.905341957017315,-1.0049817273084,-0.00192093125501426,1.65653108860911,0.0031663086567101,1.49229290132275,"Rescue","Rescue","Rescue"
"ENSMUSG00000022967","Ifnar1",0.376541309645944,-0.240117365031764,-0.304047101422983,-0.00394786836517493,0.807473426246042,0.0104845557819062,0.637691958041849,"Rescue","Rescue","Rescue"
"ENSMUSG00000023106","Denr",-0.438664923138263,0.292774778840693,0.0823320759930907,0.000194755106801783,0.187687849313496,0.000443972372827262,0.667422361346209,"Rescue","Rescue","Rescue"
"ENSMUSG00000023118","Sympk",-0.558251500005457,0.115506567985885,0.263906988849909,0.000481429695286892,0.472738521700935,0.000862388538646446,0.206907761080366,"Rescue","Rescue","Rescue"
"ENSMUSG00000023186","Vwa5a",0.351515363061382,-0.0627368911508362,-0.12746811409647,-0.000319053541403736,0.362624589111378,0.000907651769826123,0.178475531209943,"Rescue","Rescue","Rescue"
"ENSMUSG00000023367","Tmem176a",0.502441324953352,-0.229146103011684,-0.210407351760762,0.0195045582741477,0.41876999623846,0,0.456065398348671,"Rescue","Worsening","Rescue"
"ENSMUSG00000023942","Slc29a1",0.404949379317743,-0.183330495785631,-0.231395113694625,0.000423640843339488,0.571417380820483,0,0.452724476561751,"Rescue","Worsening","Rescue"
"ENSMUSG00000024063","Lbh",1.15247014964076,-1.29563652266118,-1.44323505068779,0.00249802430971233,1.2522971212206,0,1.12422566698586,"Rescue","Worsening","Rescue"
"ENSMUSG00000024370","Cdc23",-0.604210929290657,0.417031639390305,0.085702549982979,0.00892489552000606,0.141842104848374,0.0147711586920215,0.690208698938796,"Rescue","Rescue","Rescue"
"ENSMUSG00000024533","Spire1",0.417077088206687,-0.179412916951823,-0.345068545724867,9.79624165836791e-05,0.827349560745625,0,0.43016728088145,"Rescue","Worsening","Rescue"
"ENSMUSG00000024580","Grpel2",-0.306496238599969,0.302714976329716,0.0105277452134821,0.000299538056457741,0.0343486930266139,0.000977297658940245,0.9876629407019,"Rescue","Rescue","Rescue"
"ENSMUSG00000024725","Ostf1",0.296695285422343,-0.798406220032386,-0.584800610360255,8.3690497718677e-05,1.97104786996462,0,2.69099732709221,"Rescue","Worsening","Rescue"
"ENSMUSG00000024726","Carnmt1",-0.451998991906706,0.0348097395127427,-0.171739241893122,0.000595133068701574,0,0.00131666901775837,0.0770128697984519,"Worsening","Rescue","Rescue"
"ENSMUSG00000024785","Rcl1",0.527437301392998,-0.129359878639203,-0.169246787701947,-0.0011736113773146,0.320885131284713,0.00222512016919359,0.245261149140485,"Rescue","Rescue","Rescue"
"ENSMUSG00000024811","Tnks2",-0.325065586818983,0.189721322101697,0.174631658913422,-5.68933216302695e-05,0.537219767316273,0,0.583640132313807,"Rescue","Worsening","Rescue"
"ENSMUSG00000024858","Grk2",-0.326536055757984,0.171332275006336,0.223843399094214,0.00100594911041049,0.685508981771125,0.00308066779356231,0.524696345120679,"Rescue","Rescue","Rescue"
"ENSMUSG00000024896","Minpp1",0.420460163408651,-0.286171890146207,-0.222146619279664,6.19709265405323e-05,0.528341656623856,0,0.680615941891439,"Rescue","Worsening","Rescue"
"ENSMUSG00000025025","Mxi1",-0.46628249110292,0.301190185995187,0.340702764897797,0.00012015744819714,0.730678872569108,0.000257692387104062,0.645939300192824,"Rescue","Rescue","Rescue"
"ENSMUSG00000025035","Arl3",-0.648214769827992,0.216880034269224,0.311984701298847,0.000177122510468139,0.481298353293669,0.000273246644033026,0.334580519241754,"Rescue","Rescue","Rescue"
"ENSMUSG00000025151","Maged1",0.982085395268021,-1.05530541123664,-0.650470850954459,0.000464746833623747,0.662336344770649,0,1.07455565098658,"Rescue","Worsening","Rescue"
"ENSMUSG00000025157","Zdhhc16",-0.403749216333492,0.142026499222766,0.184131875417041,0.000393709697074399,0.456055065788537,0.00097513426936091,0.351769101900754,"Rescue","Rescue","Rescue"
"ENSMUSG00000025213","Kazald1",-1.30265125779994,1.14027285600353,1.27418868709666,0.0212789338130262,0.978150275806469,0.0163350963549249,0.875347756489594,"Rescue","Rescue","Rescue"
"ENSMUSG00000025225","Nfkb2",1.75562360034386,-1.2112683858002,-0.981974177939975,-0.000565876751865707,0.559330700354929,0.00032232236554286,0.689936262854382,"Rescue","Rescue","Rescue"
"ENSMUSG00000025234","Arih1",-0.28026320105963,0.201939680606444,0.235204286994149,-0.000283580304742585,0.839226434668839,0,0.720535838607934,"Rescue","Worsening","Rescue"
"ENSMUSG00000025245","Lztfl1",0.427565025434471,-0.166056606232108,-0.372340521345129,-0.0467467704521031,0.870839519595352,0.109332540482237,0.388377431160018,"Rescue","Rescue","Rescue"
"ENSMUSG00000025255","Zfhx4",-0.432910283738657,0.122566601547635,0.201624323299124,0.00417261163879637,0.465741588667926,0.00963851355703838,0.283122407001141,"Rescue","Rescue","Rescue"
"ENSMUSG00000025261","Huwe1",-0.441686787593811,0.0525797769500828,0.00775516505961732,0.000181775799030999,0.0175580643964139,0.000411549097996035,0.119043128359177,"Rescue","Rescue","Rescue"
"ENSMUSG00000025272","Tro",1.28491466260857,-2.53632901999709,-2.31394523840675,-0.00136331895884065,1.80085518964278,0.00106101906882509,1.97392799211114,"Rescue","Rescue","Rescue"
"ENSMUSG00000025340","Rabgef1",-0.424403243262381,0.0221961009380129,-0.00442547294678484,-0.000285930672742401,0,0,0.0522995554119517,"Worsening","Worsening","Rescue"
"ENSMUSG00000025366","Esyt1",0.285602816362803,-0.150048001372917,-0.309546118752862,0.000728234568741244,1.08383426569451,0,0.525372975252144,"Rescue","Worsening","Rescue"
"ENSMUSG00000025401","Myo1a",1.63746432374767,-0.694383481805862,-2.1576099607233,0.000340724942981456,1.31765311123553,0,0.424060220265822,"Rescue","Worsening","Rescue"
"ENSMUSG00000025425","St8sia5",-0.431356791923418,0.0290875809700943,0.136443131354419,5.95999284150795e-05,0.316311540490691,0.000138168517410665,0.0674327645112364,"Rescue","Rescue","Rescue"
"ENSMUSG00000025492","Ifitm3",0.98810851462168,-1.27712241826316,-1.02778627492607,0.000417262840910954,1.04015526606364,0,1.2924920688009,"Rescue","Worsening","Rescue"
"ENSMUSG00000025498","Irf7",0.569451999542438,-0.336148533414238,-0.0153061188900774,-0.00156009306969867,0.026878681438253,0.00273963928645825,0.590301787831701,"Rescue","Rescue","Rescue"
"ENSMUSG00000025578","Cbx8",0.901445099680203,-0.426703265857085,-0.661697804695859,-0.0356451016232918,0.734041157837125,0.0395421769289525,0.4733546901619,"Rescue","Rescue","Rescue"
"ENSMUSG00000025630","Hprt1",0.304292360815315,-0.226980440181699,-0.226114613881026,0.00095031907766724,0.743083438819099,0,0.745928815214199,"Rescue","Worsening","Rescue"
"ENSMUSG00000025743","Sdc3",0.312935167467889,-0.583215771754383,-0.329875566476958,3.03709540767605e-05,1.05413389343915,0,1.86369520713656,"Rescue","Worsening","Rescue"
"ENSMUSG00000025759","Mfsd8",-0.377922179972617,0.217225647574321,0.182569225171036,0.00042282847005981,0.483086822753468,0.00111882417192462,0.574789358989358,"Rescue","Rescue","Rescue"
"ENSMUSG00000025793","Hgs",0.392003506685808,-0.287129440810357,-0.326137622964358,0.000471724098403692,0.831976289502326,0,0.732466510919486,"Rescue","Worsening","Rescue"
"ENSMUSG00000025911","Adhfe1",-0.37272883562778,0.360582626033236,0.370787581066834,0.000130403452016132,0.994791777894843,0.000349861453022534,0.967412745048053,"Rescue","Rescue","Rescue"
"ENSMUSG00000025969","Nrp2",0.451891866598257,-0.287220090294989,-0.806328398412518,-7.49353484562842e-05,1.78433925904084,0.000165825840195755,0.635594732999111,"Rescue","Rescue","Rescue"
"ENSMUSG00000026062","Slc9a2",-0.458570314034973,0.442311169926713,0.204217878520383,0.00890200406553665,0.445336019951803,0.0194125171060631,0.964543836330802,"Rescue","Rescue","Rescue"
"ENSMUSG00000026094","Stk17b",0.41098507564626,-0.345630301820184,-0.419176027559136,-0.00139518899417492,1.01993004709477,0.00339474369472185,0.84098017738647,"Rescue","Rescue","Rescue"
"ENSMUSG00000026095","Asnsd1",-0.280746875548804,0.308690291802748,0.330692171125583,2.24631650100309e-05,1.17790151886516,8.00121638615565e-05,1.09953242115098,"Rescue","Rescue","Rescue"
"ENSMUSG00000026131","Dst",-0.29876106764854,0.25221792054854,0.191908440879882,0.000466995287235398,0.642347553482577,0.00156310623372376,0.844212810369412,"Rescue","Rescue","Rescue"
"ENSMUSG00000026341","Actr3",0.341617191796084,-0.0362606091187874,-0.2758329990482,-0.00069719120123026,0.807433014708607,0.00204085513836324,0.106143982181177,"Rescue","Rescue","Rescue"
"ENSMUSG00000026353","Ubxn4",0.325225732022427,-0.222902371584045,-0.171152385652491,0.000639838264459615,0.526257207841993,0,0.685377415243005,"Rescue","Worsening","Rescue"
"ENSMUSG00000026355","Mcm6",0.662332036627155,-0.276446338080435,-0.223935377849643,0.000275431730888511,0.338101383393753,0,0.417383310474011,"Rescue","Worsening","Rescue"
"ENSMUSG00000026554","Dcaf8",-0.234014150536959,0.0951681712718418,0.126648792704182,-4.06476055503874e-05,0.54120142911691,0,0.406676993906023,"Rescue","Worsening","Rescue"
"ENSMUSG00000026600","Soat1",0.59422038567188,-0.139553065429504,-0.201287253350457,0.375485881760871,0.338741750037511,0,0.234850686369019,"Rescue","Worsening","Rescue"
"ENSMUSG00000026604","Ptpn14",0.497278756551661,-0.365738425250885,-0.469459939206723,0.000124695270439562,0.944057901170271,0,0.735479689072319,"Rescue","Worsening","Rescue"
"ENSMUSG00000026622","Nek2",0.709523241861549,-1.19305662926562,-0.496281038754305,-0.000298386804190022,0.699457057181428,0.000420545496729827,1.68149055432694,"Rescue","Rescue","Rescue"
"ENSMUSG00000026739","Bmi1",-0.454691057618139,0.198891021688734,0.232560361965432,6.96148474786565e-05,0.511468959129479,0.000153103621266114,0.437420130342145,"Rescue","Rescue","Rescue"
"ENSMUSG00000026748","Plxdc2",0.355525436770957,-0.666893268365591,-0.772848350771742,0.00149496024618004,2.17382012885239,0,1.87579621425296,"Rescue","Worsening","Rescue"
"ENSMUSG00000027177","Hipk3",-0.385506620962357,0.326705420734206,0.475156996472569,-0.000303791300711637,1.23255210322047,0,0.847470323385463,"Rescue","Worsening","Rescue"
"ENSMUSG00000027215","Cd82",1.09130956638073,-0.591709372177591,-0.933292801362424,0.000283715417763415,0.855204453542581,0,0.542201214399653,"Rescue","Worsening","Rescue"
"ENSMUSG00000027254","Map1a",0.40375811343081,-0.926060002739125,-0.615987573396661,0.00167471569244428,1.52563515854207,0,2.29360097527258,"Rescue","Worsening","Rescue"
"ENSMUSG00000027304","Rtf1",-0.257089698891779,0.185696832259118,0.154489544049204,-0.00101663877470806,0.60091689676853,0,0.722303667006459,"Rescue","Worsening","Rescue"
"ENSMUSG00000027368","Dusp2",1.87287874375409,-0.653712469716535,-0.27929374119691,0.00135389226759098,0.149125372973735,0,0.349041534000328,"Rescue","Worsening","Rescue"
"ENSMUSG00000027378","Nphp1",-0.412265251449562,0.0248033243184226,0.132796418452508,7.1042288001614e-05,0.322114022429938,0.00017232179464998,0.0601635093697853,"Rescue","Rescue","Rescue"
"ENSMUSG00000027416","Otor",1.11559102678901,-0.215317144563474,-0.329820458171566,0.00133408134763668,0.295646388552339,0,0.193007239564501,"Rescue","Worsening","Rescue"
"ENSMUSG00000027490","E2f1",0.665889040050058,-0.77786422434916,-1.52501100583936,-0.000275271239187815,2.29018787533237,0.00041338905227682,1.16815892373102,"Rescue","Rescue","Rescue"
"ENSMUSG00000027546","Atp9a",0.429694464451408,-0.348259072096785,-0.0245240460678867,-0.000769172664672792,0.057073218523298,0.00179004555168007,0.810480704100782,"Rescue","Rescue","Rescue"
"ENSMUSG00000027663","Zmat3",0.366888482893569,-0.345530095043461,-0.428753773961147,0.000233182513881105,1.16862151294491,0,0.941785068635409,"Rescue","Worsening","Rescue"
"ENSMUSG00000027715","Ccna2",0.908050926919771,-0.471755734185961,-0.455623789732963,0.000951468203930251,0.501760172503209,0,0.519525634741896,"Rescue","Worsening","Rescue"
"ENSMUSG00000027763","Mbnl1",-0.545432672459167,0.188854267207556,0.337119633164895,-0.00029410841945248,0.618077446011695,0,0.346246707877029,"Rescue","Worsening","Rescue"
"ENSMUSG00000027828","Ssr3",-0.395231011582214,0.228609115768266,0.286433200765845,0.000205914902146205,0.724723496820703,0.000520998849057602,0.578418972876354,"Rescue","Rescue","Rescue"
"ENSMUSG00000027864","Ptgfrn",1.06605187732934,-1.59397911540637,-1.70459342079762,0.000627744978481394,1.5989779269166,0,1.49521721156722,"Rescue","Worsening","Rescue"
"ENSMUSG00000027935","Rab13",0.511043621915994,-0.479611652163285,-0.872060964044876,0.0398108782913787,1.7064315581816,0,0.938494546444264,"Rescue","Worsening","Rescue"
"ENSMUSG00000028010","Gar1",0.750117805303387,-0.229047812779517,-0.2586990599233,-0.000410751252700423,0.344877908635523,0.000547582326131152,0.305349121378179,"Rescue","Rescue","Rescue"
"ENSMUSG00000028033","Kcnq5",0.652067321378555,-1.15170506834781,-1.2676991392746,0.00037636626385576,1.94412309544131,0,1.76623644612791,"Rescue","Worsening","Rescue"
"ENSMUSG00000028057","Rit1",0.432607753445881,-0.0508863232649778,-0.122923509081838,-0.000505215720413549,0.284145413721106,0.00116783787712846,0.117626933081179,"Rescue","Rescue","Rescue"
"ENSMUSG00000028059","Arhgef2",1.06993640429034,-0.514268289032043,-0.305344020719218,0.149043297147565,0.285385205601771,0,0.480653136924659,"Rescue","Worsening","Rescue"
"ENSMUSG00000028063","Lmna",0.671854648485309,-0.380268522666523,-0.317870256730876,0.000281529877324392,0.473123550529139,0,0.565998201432163,"Rescue","Worsening","Rescue"
"ENSMUSG00000028082","Sh3d19",1.2277100130705,-0.912227745622903,-1.50873576278529,0.0030756874066504,1.22890238470235,0,0.743031934179169,"Rescue","Worsening","Rescue"
"ENSMUSG00000028107","Tars2",0.406656337386226,-0.230366589832986,-0.0407871665017795,0.000136088949748126,0.100298858647914,0,0.566489609663192,"Rescue","Worsening","Rescue"
"ENSMUSG00000028195","Ccn1",0.864007497723228,-0.381905907844731,-0.369607378820762,-0.000153316659766248,0.427782605816182,0.000177448297810213,0.442016890884746,"Rescue","Rescue","Rescue"
"ENSMUSG00000028207","Asph",-0.355463764643838,0.00675271746889718,-0.288825866332497,-0.000399906267232904,0,0,0.018996922163538,"Worsening","Worsening","Rescue"
"ENSMUSG00000028247","Coq3",0.398475441879935,-0.0537098452531457,-0.171992956272195,-0.000384690203273443,0.431627493681327,0.000965405048448017,0.134788344796739,"Rescue","Rescue","Rescue"
"ENSMUSG00000028266","Lmo4",-0.384440961637574,0.357231414762416,0.364209993602101,-0.000217975727208522,0.947375617964076,0,0.929223080809974,"Rescue","Worsening","Rescue"
"ENSMUSG00000028367","Txn1",0.607783689162437,-0.393615173710583,-0.430293713703332,-0.000214801821868407,0.707971802100025,0.000353418207330336,0.647623785779788,"Rescue","Rescue","Rescue"
"ENSMUSG00000028396","2310002L09Rik",-0.235874159043139,0.215903433957128,0.39644734143246,-0.00190817075358476,1.68075783731762,0,0.915333137097233,"Rescue","Worsening","Rescue"
"ENSMUSG00000028514","Usp24",-0.239586525507512,0.115873021425724,0.104217854112658,-0.000132703833875895,0.434990464893194,0,0.483637471599341,"Rescue","Worsening","Rescue"
"ENSMUSG00000028518","Prkaa2",-0.388334987684184,0.219216208993551,0.157006723348889,-0.000364211906004353,0.404307436435719,0,0.564502854354781,"Rescue","Worsening","Rescue"
"ENSMUSG00000028552","Eps15",-0.291963338594545,0.073101992929144,-0.0389454598856061,0.00172625435672861,0,0.00591257232856175,0.25038072684414,"Worsening","Rescue","Rescue"
"ENSMUSG00000028573","Fggy",1.01100350780551,-1.09216130424118,-1.64656593013368,0.00165419741928297,1.62864512083418,0,1.08027449539897,"Rescue","Worsening","Rescue"
"ENSMUSG00000028581","Laptm5",0.54884265491877,-0.193894303511385,-0.223645518071342,0.000494626526725958,0.407485672017315,0,0.3532784884223,"Rescue","Worsening","Rescue"
"ENSMUSG00000028633","Ctps1",0.369135059283396,-0.239800981323659,-0.299422915214599,-0.000303201136602948,0.811147323139315,0.00082138265921301,0.649629384402517,"Rescue","Rescue","Rescue"
"ENSMUSG00000028653","Trit1",0.442881660814592,-0.400560654264457,-0.214779053475859,-0.000168169493136856,0.484958110662826,0.00037971654285152,0.904441727227329,"Rescue","Rescue","Rescue"
"ENSMUSG00000028832","Stmn1",1.45194340026352,-0.663446931129045,-0.623869830526369,0.000547120967421662,0.429679166841586,0,0.456937185711669,"Rescue","Worsening","Rescue"
"ENSMUSG00000028933","Xrcc2",-0.610154528095187,0.14089532547536,0.119105224213525,-0.000121870324178706,0.195205015662761,0,0.230917446298751,"Rescue","Worsening","Rescue"
"ENSMUSG00000029048","Rer1",-0.324448191768596,0.109824101038426,0.139385368097121,0.000119946359180827,0.429607473961619,0.000369693412458209,0.338495031948753,"Rescue","Rescue","Rescue"
"ENSMUSG00000029095","Ablim2",-0.462972551546799,0.254419817308618,0.355150281446442,0.0098906222267919,0.767108720073965,0.0213633015472455,0.549535423771014,"Rescue","Rescue","Rescue"
"ENSMUSG00000029161","Cgref1",0.741226891479349,-0.586743288080542,-1.21409836530032,0.0721206060152719,1.63795779572596,0,0.791583919614024,"Rescue","Worsening","Rescue"
"ENSMUSG00000029174","Tbc1d1",0.543573658845895,-0.893789276378926,-0.177302054268108,-0.000182233637331082,0.326178524994298,0.000335251045310027,1.64428364368613,"Rescue","Rescue","Rescue"
"ENSMUSG00000029177","Cenpa",1.46310771510149,-0.748056907012889,-1.60281030110679,-0.00234000088847641,1.09548345932658,0.00159933603269537,0.511279449415656,"Rescue","Rescue","Rescue"
"ENSMUSG00000029490","Slc49a3",0.783738243373107,-0.615642269982383,-1.01754560826792,0.00471661900832727,1.29832328187603,0,0.785520261628091,"Rescue","Worsening","Rescue"
"ENSMUSG00000029534","St7",-0.538958053015432,0.161815042461428,0.261788641326095,2.45072192017303e-05,0.485731013501713,4.54714779092995e-05,0.300236802393218,"Rescue","Rescue","Rescue"
"ENSMUSG00000029536","Gatc",-0.320424858507277,0.122144933310417,0.0217121017810251,0.00115142122866236,0.0677603538070441,0.00359342041696247,0.381196808136043,"Rescue","Rescue","Rescue"
"ENSMUSG00000029550","Sppl3",-0.337015368449189,0.198704037689731,0.283156220985584,0.00167140286530528,0.840187859350619,0.00495942625108288,0.589599336683335,"Rescue","Rescue","Rescue"
"ENSMUSG00000029599","Ddx54",0.382505148548069,-0.494708773943301,-0.331362134182569,0.000343808865738216,0.866294572609988,0,1.2933388630745,"Rescue","Worsening","Rescue"
"ENSMUSG00000029621","Arpc1a",0.320850278298459,-0.24182758515996,-0.11803520171605,-2.64506160517242e-05,0.367882497537533,8.24391245411965e-05,0.753708509908191,"Rescue","Rescue","Rescue"
"ENSMUSG00000029730","Mcm7",0.495064977128698,-0.220016066139487,-0.134187660072558,-0.000499349006531715,0.271050601985272,0.00100865346894031,0.444418563832867,"Rescue","Rescue","Rescue"
"ENSMUSG00000029810","Tmem176b",0.731765057930888,-0.264534539353974,-0.119844679246394,0.000479089198096144,0.163774804423243,0,0.361502010087721,"Rescue","Worsening","Rescue"
"ENSMUSG00000029925","Tbxas1",0.849553684793945,-0.306494746644597,-0.346104141512424,-0.00099584086195762,0.407395256718085,0.00117219297589081,0.360771487582843,"Rescue","Rescue","Rescue"
"ENSMUSG00000029994","Anxa4",0.756592202813119,-0.246044540889964,-0.363913287135978,0.000292461284872844,0.480990004632477,0,0.325200999924576,"Rescue","Worsening","Rescue"
"ENSMUSG00000029999","Tgfa",1.07558877853444,-0.532174222378628,-0.641419724609181,-0.011681659005165,0.596342893687637,0.0108607111177583,0.494774799625325,"Rescue","Rescue","Rescue"
"ENSMUSG00000030057","Cnbp",-0.293918917925346,0.00836606384039246,-0.0434294153036592,-6.83789169257173e-05,0,0,0.028463849484222,"Worsening","Worsening","Rescue"
"ENSMUSG00000030137","Tuba8",-0.373268241486387,0.201059947506324,0.291384048449637,0.000288866248134682,0.780629092068802,0.000773883808020716,0.538647345688144,"Rescue","Rescue","Rescue"
"ENSMUSG00000030201","Lrp6",-0.366843310513246,0.0980815868437561,0.191799550893251,-0.000431295051040543,0.522837804033844,0,0.267366431478692,"Rescue","Worsening","Rescue"
"ENSMUSG00000030353","Tead4",1.60451487294394,-0.845470911185113,-1.14167185562571,0.00111189667195582,0.711537097522185,0,0.526932423900724,"Rescue","Worsening","Rescue"
"ENSMUSG00000030357","Fkbp4",-0.414761650355459,0.117904126662153,0.289511645580549,-0.00183487653669715,0.69801932105447,0,0.284269595709021,"Rescue","Worsening","Rescue"
"ENSMUSG00000030451","Herc2",-0.454577595611908,0.0470008129392496,0.0541459768405247,0.00147768798036894,0.119112726547024,0.00325068369984187,0.103394477407057,"Rescue","Rescue","Rescue"
"ENSMUSG00000030592","Ryr1",-0.424029607039952,0.193800795577342,0.246890205636343,0.000284689888357465,0.582247563701563,0.000671391534060124,0.457045433525782,"Rescue","Rescue","Rescue"
"ENSMUSG00000030603","Psmc4",0.33622140953069,-0.163838252091756,-0.113160617201435,-0.000471122529011383,0.336565768846751,0.00140122703568757,0.487292740579631,"Rescue","Rescue","Rescue"
"ENSMUSG00000030681","Mvp",0.696976532678895,-0.684784755582975,-0.882317336600958,0.000434764728780685,1.26592115405907,0,0.98250762181467,"Rescue","Worsening","Rescue"
"ENSMUSG00000030739","Myh14",0.79089666791708,-0.393347095067011,-0.368724651408691,0.000251988002890887,0.466210905123385,0,0.497343219440963,"Rescue","Worsening","Rescue"
"ENSMUSG00000030751","Psma1",0.297160069312805,-0.156650210740947,-0.22805923666648,-0.00293260052766882,0.76746259076422,0.00986875704548928,0.527157673314611,"Rescue","Rescue","Rescue"
"ENSMUSG00000030753","Thap12",-0.302422171276333,0.0256277929677757,0.15100462589744,0.000207256225746807,0.499317312815211,0.000685320870728855,0.084741779544856,"Rescue","Rescue","Rescue"
"ENSMUSG00000030789","Itgax",1.37788726355162,-0.88645884747056,-0.246576516140087,0.000180745416388708,0.17895260567582,0,0.643346426750211,"Rescue","Worsening","Rescue"
"ENSMUSG00000030824","Nucb1",0.302004594132171,-0.074766391369867,-0.291419794997779,-0.00273697214620317,0.964951529413622,0.00906268381137721,0.247567066271667,"Rescue","Rescue","Rescue"
"ENSMUSG00000030838","Ush1c",-0.631959924726884,0.238104989469362,0.113357452129721,0.0840605016129821,0.179374431343429,0.133015557354069,0.376772292281451,"Rescue","Rescue","Rescue"
"ENSMUSG00000031023","Akip1",0.531531378535912,-1.05992584605364,-0.566807138669455,-2.58824042215569e-05,1.06636627969304,4.86940287379633e-05,1.99409835214842,"Rescue","Rescue","Rescue"
"ENSMUSG00000031078","Cttn",0.740382798038879,-0.195687813429638,-0.306373832243334,-0.000233983326823973,0.413804633298957,0.000316030204164314,0.26430626690406,"Rescue","Rescue","Rescue"
"ENSMUSG00000031154","Otud5",0.378273803117074,-0.0513599730854497,0.0524861345400967,-0.000619442815396266,0,0.00163755145159907,0.135774596766232,"Worsening","Rescue","Rescue"
"ENSMUSG00000031229","Atrx",-0.509412826907312,0.217445955881906,0.22162550411267,0.000632383722065383,0.4350607059861,0.00124139732779137,0.426856067213773,"Rescue","Rescue","Rescue"
"ENSMUSG00000031365","Zfp275",-0.41648244785791,0.242031734244689,0.143288426948172,0.000188761851458731,0.344044335325884,0.000453228827360163,0.581133095739156,"Rescue","Rescue","Rescue"
"ENSMUSG00000031392","Irak1",0.269990811565262,-0.0710036668811876,0.0196654067763303,-0.00018280916265928,0,0.000677094015160925,0.262985493726792,"Worsening","Rescue","Rescue"
"ENSMUSG00000031447","Lamp1",-0.260122277927397,0.132137411678546,0.195825004627262,2.18229547668925e-05,0.752819044134003,8.38949856228139e-05,0.507981910397646,"Rescue","Rescue","Rescue"
"ENSMUSG00000031508","Ankrd10",0.383366110206248,-0.728259406445042,-0.520083762541631,0.0152171972133968,1.35662425210677,0,1.89964471834311,"Rescue","Worsening","Rescue"
"ENSMUSG00000031511","Arhgef7",-0.329213510810872,0.160189565822104,0.0361854959060358,-0.000296761058324659,0.109914978327921,0,0.48658259932148,"Rescue","Worsening","Rescue"
"ENSMUSG00000031578","Mak16",0.359281764717445,-0.0677317945735074,-0.00217786779250915,-3.08884841386329e-05,0.00606172649542045,8.59728691294002e-05,0.188519989670989,"Rescue","Rescue","Rescue"
"ENSMUSG00000031626","Sorbs2",-0.570867045638052,0.553663084119674,0.274745801107069,0.00590805907480547,0.481278089541829,0.0103492733026866,0.969863453058235,"Rescue","Rescue","Rescue"
"ENSMUSG00000031642","Sh3rf1",1.75933904720002,-0.991758660146183,-1.64047010465384,0.000749477937814834,0.932435454817328,0,0.563710935492827,"Rescue","Worsening","Rescue"
"ENSMUSG00000031760","Mt3",0.813870854391488,-0.222988786440016,-0.00915160916420002,0.000795326796963364,0.0112445471106622,0,0.273985467395487,"Rescue","Worsening","Rescue"
"ENSMUSG00000031827","Cotl1",0.745707946763756,-0.51307021313557,-0.33238570266444,0.00076350563781056,0.445731742710986,0,0.688031038642147,"Rescue","Worsening","Rescue"
"ENSMUSG00000031880","Rrad",4.1951094729714,-4.3955475171082,-1.70032888291136,0.000341411814717344,0.405312160234764,0,1.04777897821933,"Rescue","Worsening","Rescue"
"ENSMUSG00000031987","Egln1",-0.25486239719265,0.0359103244557653,0.0722720350317384,-0.000704614932370829,0.283572766433284,0,0.140900834533941,"Rescue","Worsening","Rescue"
"ENSMUSG00000032060","Cryab",0.63937308666923,-0.40391582845783,-0.793238298469999,-0.000402985380113533,1.24065012276685,0.000630282050520547,0.631737301552685,"Rescue","Rescue","Rescue"
"ENSMUSG00000032096","Arcn1",-0.417290152186522,0.191093288519014,0.0734485821460097,0.000348506550578951,0.176013217089243,0.00083516600799909,0.457938648965764,"Rescue","Rescue","Rescue"
"ENSMUSG00000032118","Fez1",2.11115433153385,-1.392553205153,-1.74699246986118,0.00120169393025877,0.827505807494383,0,0.659616961371673,"Rescue","Worsening","Rescue"
"ENSMUSG00000032125","Robo4",0.504181552060508,-0.204272928318359,-0.419481495397954,-0.00587143630833296,0.832004847626022,0.0116454802527728,0.405157482425782,"Rescue","Rescue","Rescue"
"ENSMUSG00000032218","Ccnb2",4.04427494285826,-0.903593945502331,-0.843725907863694,0.00109284862467175,0.208622291952138,0,0.223425449127285,"Rescue","Worsening","Rescue"
"ENSMUSG00000032316","Clk3",-0.362479941575423,0.142186924122682,0.0614401131936189,0.000526632339938197,0.169499346437173,0.00145285926070648,0.392261495918102,"Rescue","Rescue","Rescue"
"ENSMUSG00000032380","Dapk2",0.72045059779525,-0.971611400521675,-0.782709898480149,0.00775273644494444,1.08641716847127,0,1.34861627361409,"Rescue","Worsening","Rescue"
"ENSMUSG00000032388","Spg21",0.612022085244403,-0.373481869372073,-0.0809672910629119,0.000627056856889856,0.13229472108115,0,0.610242470617589,"Rescue","Worsening","Rescue"
"ENSMUSG00000032478","Nme6",-0.403813035643765,0.276617835780821,0.344888131885866,-0.00044110860334975,0.854078747943438,0,0.685014626483844,"Rescue","Worsening","Rescue"
"ENSMUSG00000032504","Pdcd6ip",0.300149500604009,-0.0411029546143667,0.0632088445697212,6.50369781589854e-05,0,0,0.136941605871916,"Worsening","Worsening","Rescue"
"ENSMUSG00000032508","Myd88",0.510798137671888,-0.157872503028296,-0.122575838127359,0.00185571779438241,0.239969234590467,0,0.309070240051864,"Rescue","Worsening","Rescue"
"ENSMUSG00000032547","Ryk",-0.330519750805965,0.0464677520668733,0.115022713934437,-7.63023862150531e-05,0.348005568968139,0,0.140589940400121,"Rescue","Worsening","Rescue"
"ENSMUSG00000032560","Dnajc13",-0.451092430030193,0.212089692628112,0.215648527620358,-0.000266187329268333,0.478058405027821,0,0.470169035232794,"Rescue","Worsening","Rescue"
"ENSMUSG00000032667","Pon2",0.441248803603904,-0.486487239517917,-0.613499826363023,0.000110075971800425,1.39037164826795,0,1.102523645491,"Rescue","Worsening","Rescue"
"ENSMUSG00000032766","Gng11",0.442739374891346,-0.332730386594155,-0.591059075710777,-0.000924284500827148,1.33500454043833,0.00208764919780171,0.751526531101533,"Rescue","Rescue","Rescue"
"ENSMUSG00000032998","Foxj3",-0.250521632844011,0.311018659725105,0.258604286923373,-0.000217722550046056,1.03226329793401,0,1.24148424307438,"Rescue","Worsening","Rescue"
"ENSMUSG00000033184","Tmed7",-0.303134832755437,0.0719918624781085,0.0605115368416882,0.000165492745273331,0.199619213310625,0.000545937739219981,0.237491224032937,"Rescue","Rescue","Rescue"
"ENSMUSG00000033278","Ptprm",-0.602684653336299,0.355821524658404,0.303581178430259,0.000242214871389975,0.503714798028648,0.000401893212394142,0.590394201492726,"Rescue","Rescue","Rescue"
"ENSMUSG00000033306","Lpp",-0.378557852518858,0.959511564397575,0.596287605631524,0.00237963089957251,1.57515582272017,0.00628604289605634,2.53464974511333,"Rescue","Rescue","Rescue"
"ENSMUSG00000033355","Rtp4",0.65161526730474,-0.35934205733005,-0.399420470186179,-0.000604928298053572,0.612969784821482,0.000928351940794331,0.551463532793496,"Rescue","Rescue","Rescue"
"ENSMUSG00000033444","Specc1l",-0.286401415574457,0.285517993465071,0.345932676339607,-0.000119409440346204,1.20785951998786,0,0.996915440841609,"Rescue","Worsening","Rescue"
"ENSMUSG00000033880","Lgals3bp",0.608307782855519,-0.56679825335289,-0.0774814910697675,0.000342806549761796,0.127372184367022,0,0.931762290944603,"Rescue","Worsening","Rescue"
"ENSMUSG00000033917","Gde1",-0.372751275652491,0.0447311958807433,0.357857402716691,0.000310420418790336,0.960043401837517,0.000832781640376559,0.120002797582497,"Rescue","Rescue","Rescue"
"ENSMUSG00000034075","Zdhhc5",-0.341070307682346,0.158264441048215,0.248737771359588,-0.000361576282411058,0.729285914830346,0,0.464022922791667,"Rescue","Worsening","Rescue"
"ENSMUSG00000034274","Thoc5",0.346841917438002,-0.183431726061651,0.035666217586714,0.000117936264461678,0,0,0.528862622535925,"Worsening","Worsening","Rescue"
"ENSMUSG00000034329","Brip1",0.803795130908422,-0.25980263774442,-0.717267630275374,-0.00463925979857486,0.89235130034284,0.00577169432879213,0.323219969559656,"Rescue","Rescue","Rescue"
"ENSMUSG00000034349","Smc4",0.384241617743422,-0.182569366624053,-0.230173202014721,0.000826815369739648,0.599032461310372,0,0.475142093394901,"Rescue","Worsening","Rescue"
"ENSMUSG00000034586","Hid1",0.582762974998832,-1.79996636073356,-1.44230918951079,-0.00699338796951654,2.47494993914753,0.0120003985660389,3.08867659400834,"Rescue","Rescue","Rescue"
"ENSMUSG00000034801","Sos2",-0.445115235341647,0.020710440691915,-0.0334151698794097,-0.000528430767961812,0,0,0.0465282673957875,"Worsening","Worsening","Rescue"
"ENSMUSG00000035049","Rrp12",0.471542543777671,-0.11914923434263,-0.226173888742885,0.000454790510489159,0.479646835110438,0,0.252679712392627,"Rescue","Worsening","Rescue"
"ENSMUSG00000035133","Arhgap5",-0.353028751045485,0.0327425520333198,0.0433436804074838,-0.000100046189292543,0.122776630172819,0,0.0927475508336181,"Rescue","Worsening","Rescue"
"ENSMUSG00000035199","Arl6ip5",0.544143282565052,-0.664732501425502,-0.75334772731958,0.000108671033715901,1.38446573073245,0,1.22161298820414,"Rescue","Worsening","Rescue"
"ENSMUSG00000035268","Pkig",0.318268974933562,-0.456931483572512,-0.123099445317062,-0.000932314485260173,0.386778024288287,0.00292932883406179,1.43567711451578,"Rescue","Rescue","Rescue"
"ENSMUSG00000035392","Dennd1a",-0.334819260156328,0.167818746590213,0.390308152523197,0.000462261812675902,1.16572789851146,0.00138063088861755,0.501221902562768,"Rescue","Rescue","Rescue"
"ENSMUSG00000035666","Gtf3c4",-0.370262814960477,0.295423388708182,0.205180137725445,0.000451352483929815,0.554147296015524,0.00121900570538792,0.797874852055333,"Rescue","Rescue","Rescue"
"ENSMUSG00000035692","Isg15",0.917548019705528,-0.413467385576201,-0.155467780536462,-0.00306685485737693,0.169438304260476,0.00334244616250295,0.450622067397515,"Rescue","Rescue","Rescue"
"ENSMUSG00000035890","Rnf126",-0.476612675821039,0.215456948156107,0.382472954937093,0.000339577224292812,0.802481709657059,0.000712480472131459,0.452058787116706,"Rescue","Rescue","Rescue"
"ENSMUSG00000036002","Atosb",0.646508129417732,-0.287463005967787,-0.32308683039278,0.000166729118344379,0.499741326816359,0,0.44463942971094,"Rescue","Worsening","Rescue"
"ENSMUSG00000036053","Fmnl2",-0.397375997829729,0.0581330137495958,0.0914601273021491,0.000594750016824047,0.230160170220796,0.00149669335861319,0.146292212078962,"Rescue","Rescue","Rescue"
"ENSMUSG00000036067","Slc2a6",0.932198787751815,-0.632256719553142,-0.186521099499731,-0.000813144862105049,0.200087258158277,0.000872286976542967,0.678242374759955,"Rescue","Rescue","Rescue"
"ENSMUSG00000036256","Igfbp7",0.417615191985988,-0.568493124758296,-0.859768142107395,0.000124684724988637,2.05875686183429,0,1.36128458846241,"Rescue","Worsening","Rescue"
"ENSMUSG00000036533","Cdc42ep3",-0.393202300181459,0.146231523956567,0.0915090914300839,-0.00491649388282,0.232727762243133,0,0.371898953513453,"Rescue","Worsening","Rescue"
"ENSMUSG00000036810","Cnep1r1",-0.374496985082311,0.076066239196744,-0.0416044380178046,0.00129296387717087,0,0.00345253480982413,0.203115758542156,"Worsening","Rescue","Rescue"
"ENSMUSG00000036856","Wnt4",-0.394394659113387,0.143955648413674,0.280867251202645,0.0724332742818605,0.712147704621673,0.183656833600874,0.365004051366444,"Rescue","Rescue","Rescue"
"ENSMUSG00000036890","Gtdc1",-0.458982055172114,0.253392715744238,0.214040087358818,0.000497990881650711,0.466336504764995,0.00108498987278265,0.552075430594379,"Rescue","Rescue","Rescue"
"ENSMUSG00000036896","C1qc",0.468395492396371,-0.190838615402633,-0.320765657366478,0.0100137045917819,0.68481798517189,0,0.407430512249975,"Rescue","Worsening","Rescue"
"ENSMUSG00000036905","C1qb",0.880066252737333,-0.234247856555203,-0.469889795934416,0.0227059906448826,0.533925479443035,0,0.266170706837815,"Rescue","Worsening","Rescue"
"ENSMUSG00000036908","Unc93b1",0.597686138457981,-0.801060262988445,-0.450614268004358,-4.45208633865369e-05,0.753931267616369,7.44886998741512e-05,1.34026910019223,"Rescue","Rescue","Rescue"
"ENSMUSG00000037234","Hook3",-0.370996538930828,0.173068156783288,0.115528437366967,-0.000157711282080982,0.311400310363831,0,0.466495340582022,"Rescue","Worsening","Rescue"
"ENSMUSG00000037544","Dlgap5",1.11158205083681,-0.945457980976789,-0.882086302525258,-0.000470249553014858,0.793541333148749,0.000423045291763079,0.850551680161661,"Rescue","Rescue","Rescue"
"ENSMUSG00000037606","Osbpl5",0.60702399399456,-0.962466047243065,-0.556938324723544,0.000233043186709301,0.917489803094234,0,1.58554860559876,"Rescue","Worsening","Rescue"
"ENSMUSG00000037613","Tnfrsf23",0.940643708761261,-1.40881804040497,-1.72552554757243,0.00143190490596871,1.83440927898703,0,1.49771696475837,"Rescue","Worsening","Rescue"
"ENSMUSG00000037742","Eef1a1",1.1086513969318,-0.492679526874218,-0.473050662642514,0.0042709431823368,0.426690178672649,0,0.444395351178657,"Rescue","Worsening","Rescue"
"ENSMUSG00000037762","Slc16a9",0.765712870089267,-1.00344142559535,-0.638082947805402,0.000990346545914804,0.833318823191537,0,1.31046697109631,"Rescue","Worsening","Rescue"
"ENSMUSG00000037815","Ctnna1",0.372078608714885,-0.160693688735155,-0.0413329508978782,0.000197472639722016,0.111086608930939,0,0.431881019148541,"Rescue","Worsening","Rescue"
"ENSMUSG00000037966","Ninj1",0.569992406707178,-0.214716707342042,-0.172113891163269,0.000550824747817549,0.301958217579711,0,0.376700996040371,"Rescue","Worsening","Rescue"
"ENSMUSG00000038170","Pde4dip",-0.325404237342149,0.216305975915555,0.318406599938557,-0.000238845522339909,0.97849555537215,0,0.664730052940639,"Rescue","Worsening","Rescue"
"ENSMUSG00000038271","Iffo1",0.66440363570816,-0.505843134824508,-0.820107642405069,0.00374144625993211,1.23435152718716,0,0.761349137238467,"Rescue","Worsening","Rescue"
"ENSMUSG00000038375","Trp53inp2",0.286316032157609,-0.195446775744575,-0.104884362425253,-0.00045866145221867,0.366323749441726,0.001601941214267,0.682626027860664,"Rescue","Rescue","Rescue"
"ENSMUSG00000038387","Rras",0.489530543151839,-0.29075053969119,-0.35815934490022,0.000449524659050183,0.731638403181574,0,0.593937485124411,"Rescue","Worsening","Rescue"
"ENSMUSG00000038429","Usp5",0.305451931859963,-0.41112620764568,-0.29637507580064,0.000388747139587993,0.970283847923136,0,1.34596041066836,"Rescue","Worsening","Rescue"
"ENSMUSG00000038543","BC028528",0.933537811220374,-0.325235954972457,-0.236514122828833,-0.000974953986640873,0.253352483408946,0.00104436475408142,0.348390767961814,"Rescue","Rescue","Rescue"
"ENSMUSG00000038807","Rap1gap2",1.4962103278471,-1.61112672598651,-1.38937471263995,0.00166877204195976,0.9285958576687,0,1.07680497587846,"Rescue","Worsening","Rescue"
"ENSMUSG00000038872","Zfhx3",-0.395578791103195,0.377509948564812,0.247121254496201,0.00176265261472784,0.624708048191932,0.004455882505258,0.954323025033793,"Rescue","Rescue","Rescue"
"ENSMUSG00000038967","Pdk2",-0.242227209953767,0.43377986833262,0.631183452454435,-0.000207515391339963,2.60574958764916,0,1.79079744350527,"Rescue","Worsening","Rescue"
"ENSMUSG00000038970","Lmtk2",-0.262556986801162,0.0940435539151867,0.150151016374069,0.000137259110563661,0.57187972105949,0.000522778358465886,0.358183398815462,"Rescue","Rescue","Rescue"
"ENSMUSG00000039062","Anpep",0.978417913075789,-1.23831039196002,-0.578921108181231,-0.00105221076106873,0.591691035542587,0.00107542058153961,1.26562522559223,"Rescue","Rescue","Rescue"
"ENSMUSG00000039100","Marchf6",-0.317736305673945,0.283631404878491,0.229534994107708,-0.000305574006267891,0.722407197442688,0,0.892662877403591,"Rescue","Worsening","Rescue"
"ENSMUSG00000039263","Npepl1",-0.334763925197965,0.111058512153014,0.305489203127465,0.000244225941947986,0.912551144651598,0.000729546774801261,0.331751732470393,"Rescue","Rescue","Rescue"
"ENSMUSG00000039275","Foxk2",-0.476270937643946,0.26044767706442,0.399146143373894,0.000386964720082758,0.838065293986699,0.000812488626740538,0.546847721494037,"Rescue","Rescue","Rescue"
"ENSMUSG00000039323","Igfbp2",3.012179111723,-0.538991656878275,-0.00276009141996845,0.00553330228372027,0.000916310523908272,0,0.178937452550743,"Rescue","Worsening","Rescue"
"ENSMUSG00000039367","Sec24c",-0.287074957591715,0.227288589824922,0.0860390119109143,0.000198946025898699,0.299709221008685,0.000693010729907152,0.791739522428765,"Rescue","Rescue","Rescue"
"ENSMUSG00000039377","Hlx",0.67788134112585,-0.337409276582447,-0.225414602830465,0.00104005741485538,0.332528112451198,0,0.497740911443389,"Rescue","Worsening","Rescue"
"ENSMUSG00000039478","Micu3",-0.45695872373525,0.221150189197185,0.278567116683045,0.000842228430880197,0.609611114119881,0.00184311708505244,0.483960974394952,"Rescue","Rescue","Rescue"
"ENSMUSG00000039483","Asb6",-0.438639738481578,0.479238594275762,0.281475652771395,0.00424085190710186,0.641701214180384,0.00966818902861435,1.09255626481705,"Rescue","Rescue","Rescue"
"ENSMUSG00000039662","Icmt",-0.252797447398948,0.0934308066015843,0.112806391012231,0.000831969047134003,0.446232318296344,0.00329105003113835,0.369587618715699,"Rescue","Rescue","Rescue"
"ENSMUSG00000039745","Htatip2",0.467606960303704,-0.941315132940104,-0.718451082835033,0.0025699144769907,1.53644223423965,0,2.01304773634835,"Rescue","Worsening","Rescue"
"ENSMUSG00000039853","Trim14",0.658051715827818,-1.20394435668973,-0.626918065890312,-0.00453607649905252,0.952688141085779,0.00689319150751885,1.82955887467778,"Rescue","Rescue","Rescue"
"ENSMUSG00000039952","Dag1",-0.293601579799251,0.40552646792967,0.368517027656028,-0.00027912216928287,1.25516023417857,0,1.38121350779838,"Rescue","Worsening","Rescue"
"ENSMUSG00000040118","Cacna2d1",-0.412264511982276,0.0481754487905893,0.0322634992176667,8.71746630091857e-06,0.0782592201849617,2.11453230815398e-05,0.116855677339165,"Rescue","Rescue","Rescue"
"ENSMUSG00000040247","Tbc1d10c",-0.452024891165587,0.130890067841139,0.113499425322016,-1.97240381698828e-06,0.251091095955684,0,0.28956385013141,"Rescue","Worsening","Rescue"
"ENSMUSG00000040312","Cchcr1",0.564481828692482,-0.570941641849354,-0.530958052440734,0.000259407960960911,0.940611416439392,0,1.01144379292392,"Rescue","Worsening","Rescue"
"ENSMUSG00000040331","Nsmce4a",0.264027484648715,-0.146219110468234,-0.185265595103052,-0.00491612885382645,0.701690565849784,0.0186197617280916,0.553802611356073,"Rescue","Rescue","Rescue"
"ENSMUSG00000040407","Akap9",-0.426338977981026,0.932108803997367,0.560273152615063,0.000309388118569835,1.31414949500582,0.000725685744322454,2.18630913929444,"Rescue","Rescue","Rescue"
"ENSMUSG00000040459","Arglu1",-0.267329224799906,0.0106939256784715,0.0176391721008515,0.000173868716290346,0.0659829545911199,0.000650391727355981,0.0400028305415385,"Rescue","Rescue","Rescue"
"ENSMUSG00000040471","Ggt6",0.66479323557689,-0.728873759371139,-0.547026130670242,-0.00428059787721745,0.822851529461708,0.00643899132563054,1.09639166039143,"Rescue","Rescue","Rescue"
"ENSMUSG00000040717","Il17rd",-0.388658359345819,0.0480130953043841,-0.0932809496336686,6.96002831932847e-06,0,1.7907831266111e-05,0.123535475694383,"Worsening","Rescue","Rescue"
"ENSMUSG00000040721","Zfhx2",-0.458967700545863,0.875399793519518,0.486070757636762,0.00557498081279255,1.05905221011994,0.0121467824558505,1.90732330941454,"Rescue","Rescue","Rescue"
"ENSMUSG00000040751","Lat2",0.725806309112532,-0.339456304287942,-0.343100249679744,-0.000446768145542609,0.472715992368906,0.000615547343600371,0.467695444398943,"Rescue","Rescue","Rescue"
"ENSMUSG00000040774","Cept1",-0.478640185020247,0.260324046938077,0.17137242890293,0.00779879637323708,0.358040202779214,0.0162936515096558,0.543882555383571,"Rescue","Rescue","Rescue"
"ENSMUSG00000040794","C1qtnf4",-0.841208213009997,0.226977940152007,0.421240834944675,-4.31774961562575e-05,0.500756921330331,0,0.269823732866134,"Rescue","Worsening","Rescue"
"ENSMUSG00000040852","Plekhh2",0.925617698965936,-0.414431493552617,-0.759358516413204,0.000948896670513184,0.820380290114946,0,0.447735057373691,"Rescue","Worsening","Rescue"
"ENSMUSG00000040883","Tmem205",0.407926639431702,-0.213237634024333,-0.149120932859737,0.0222240859125492,0.365558211808581,0,0.522735250439644,"Rescue","Worsening","Rescue"
"ENSMUSG00000041229","Phf8",-0.536794295643737,0.336278663570896,0.232792040868875,-0.000288258963909176,0.433670854474534,0,0.626457222626821,"Rescue","Worsening","Rescue"
"ENSMUSG00000041476","Smpx",0.510910667536007,-0.287933561565977,-0.37772237775108,0.00075131019991315,0.739311981041108,0,0.563569288843796,"Rescue","Worsening","Rescue"
"ENSMUSG00000041548","Hspb8",0.514666373511191,-0.98995038741776,-1.02979947031829,0.000750335500448108,2.00090684629876,0,1.92347982764845,"Rescue","Worsening","Rescue"
"ENSMUSG00000041702","Btbd7",-0.485483866636655,0.0605884168235522,0.295547846452515,0.000256739219304186,0.608769655931139,0.000528831619231406,0.1248000623446,"Rescue","Rescue","Rescue"
"ENSMUSG00000041731","Pgm5",1.022309779544,-1.2447568664792,-0.949574612775182,-0.000165585760217443,0.928852126601723,0.000161972196227353,1.21759264303862,"Rescue","Rescue","Rescue"
"ENSMUSG00000041736","Tspo",0.475392207457476,-0.0951299483119649,0.00376967491108026,0.000181804996067818,0,0,0.200108345950274,"Worsening","Worsening","Rescue"
"ENSMUSG00000041801","Phlda3",0.421987233525264,-1.03707346527754,-1.00619196617175,-0.000262639421492329,2.38441328607519,0.00062238712602334,2.45759440780679,"Rescue","Rescue","Rescue"
"ENSMUSG00000041977","Arhgef11",-0.314723933745363,0.244080687325324,0.159074225035267,-0.000131957134253455,0.505440508264526,0,0.775539007855707,"Rescue","Worsening","Rescue"
"ENSMUSG00000042254","Cilp",1.41725944760635,-0.531703729939809,-0.866828644391335,-0.000282259155873767,0.611623119433315,0.00019915842251077,0.37516329902603,"Rescue","Rescue","Rescue"
"ENSMUSG00000042700","Sipa1l1",-0.382747332910427,0.422627713908001,0.44477221495102,0.689611068154772,1.16205176811802,1.80173970883335,1.10419505916428,"Rescue","Rescue","Rescue"
"ENSMUSG00000042992","Borcs5",-0.331746729570136,0.03847794788761,0.146256108823654,0.00111689814191601,0.44086676909571,0.00336671937463631,0.115985914729192,"Rescue","Rescue","Rescue"
"ENSMUSG00000042997","Nhlrc3",0.451094531272667,-0.0718247413295134,0.0658935945959358,-0.0011334179678465,0,0.00251259523064668,0.159223258874088,"Worsening","Rescue","Rescue"
"ENSMUSG00000043251","Exoc3l",0.664034411064278,-1.27923153003643,-2.00615357984297,-0.00224070213595277,3.02115906407262,0.00337437653624229,1.92645367276396,"Rescue","Rescue","Rescue"
"ENSMUSG00000043518","Rai2",-0.371045503737662,0.234782246369257,0.168455728281111,0.000409745789816718,0.454002882622756,0.00110430064692663,0.632758634734067,"Rescue","Rescue","Rescue"
"ENSMUSG00000043613","Mmp3",0.757082730688047,-0.430309079393602,-0.385452080327579,-8.6066341495341e-05,0.509128084294401,0.000113681554216833,0.568377882563153,"Rescue","Rescue","Rescue"
"ENSMUSG00000044734","Serpinb1a",1.06463369736079,-1.06620107349436,-1.234788854122,0.00155644678601901,1.15982507146169,0,1.00147222104416,"Rescue","Worsening","Rescue"
"ENSMUSG00000044952","Kctd21",-0.511299201773243,0.159393725320333,0.230376420138673,0.000503486489616294,0.450570662617313,0.000984719881959813,0.311742566324253,"Rescue","Rescue","Rescue"
"ENSMUSG00000045103","Dmd",-0.628798863814915,0.594019654301776,0.441330701639219,0.00188235521382287,0.701863071064841,0.00299357286112548,0.944689452359798,"Rescue","Rescue","Rescue"
"ENSMUSG00000045636","Mtus1",-0.299275502256939,0.0858635929290145,0.141202594323494,-0.000190136162460538,0.471814743467597,0,0.286904849483128,"Rescue","Worsening","Rescue"
"ENSMUSG00000045854","Lyrm2",0.35097983822348,-0.467128056017167,-0.339434654208234,-0.000414464064486526,0.967105848376694,0.00118087713124599,1.33092561208525,"Rescue","Rescue","Rescue"
"ENSMUSG00000046667","Rbm12b1",-0.545170897882157,0.628071644383614,0.0880042203545242,0.00509552206871993,0.161425014974932,0.00934665090986086,1.15206377820882,"Rescue","Rescue","Rescue"
"ENSMUSG00000046805","Mpeg1",0.707020439922277,-0.190067930527501,-0.288054906281567,0.00130199040685507,0.407420903295573,0,0.268829470543164,"Rescue","Worsening","Rescue"
"ENSMUSG00000046865","Fbl",0.380643326628742,-0.0645954165343588,-0.161036260182384,0.000342684753823375,0.423063400608229,0,0.169700641034386,"Rescue","Worsening","Rescue"
"ENSMUSG00000047061",NA,0.462302413749986,-0.348462643479955,-0.824385784697879,-0.000114646431594327,1.78321756533962,0.000247990121151147,0.753754756877399,"Rescue","Rescue","Rescue"
"ENSMUSG00000047180","Neurl3",1.10519304988848,-0.569996379899489,-1.7223523032162,0.00133519670212109,1.55841760259893,0,0.515743724552924,"Rescue","Worsening","Rescue"
"ENSMUSG00000047187","Rab2a",-0.338599963799004,0.103168659469991,0.046971666375302,0.000363499792242442,0.138723187824039,0.00107353759924859,0.304691879799587,"Rescue","Rescue","Rescue"
"ENSMUSG00000047466","Ark2n",-0.441227719272674,0.172232364212682,0.0810087008102849,-0.000152339807893017,0.183598394370646,0,0.390348014618376,"Rescue","Worsening","Rescue"
"ENSMUSG00000047515","BC049715",1.08918678122658,-1.04918046334308,-0.590486342492696,-0.0178298486052267,0.542135061378294,0.0163698723786822,0.963269552501875,"Rescue","Rescue","Rescue"
"ENSMUSG00000047714","Ppp1r2",-0.286026686574066,0.048263362212363,0.0378039172829851,-0.000289493036998408,0.132169196293493,0,0.168737269904587,"Rescue","Worsening","Rescue"
"ENSMUSG00000047821","Trim16",0.566796465382004,-0.591795295475799,-0.29825115240112,0.000221502087821232,0.52620503234809,0,1.04410547986912,"Rescue","Worsening","Rescue"
"ENSMUSG00000047879","Usp14",0.301931075716764,-0.198885992616103,-0.419252106791745,-0.000648584783989324,1.38856891691744,0.00214812199257604,0.658713225009916,"Rescue","Rescue","Rescue"
"ENSMUSG00000047963","Stbd1",0.346074924059731,-0.42988360359882,-0.367356635169796,0.000716435804168755,1.06149451933822,0,1.24216917699771,"Rescue","Worsening","Rescue"
"ENSMUSG00000048047","Zbtb33",-0.378285793636144,0.100165532526925,-0.03778362769285,0.000612185677108875,0,0.00161831527222962,0.264787983614498,"Worsening","Rescue","Rescue"
"ENSMUSG00000048327","Ckap2l",1.38770452844975,-0.380622329750116,-0.664626912685449,0.000427327251763178,0.478939788016637,0,0.274281968493194,"Rescue","Worsening","Rescue"
"ENSMUSG00000048612","Myof",0.579514518609653,-0.138746264326037,-0.476712513934402,0.00100469942174534,0.822606679601593,0,0.239418098892348,"Rescue","Worsening","Rescue"
"ENSMUSG00000049038","Mterf2",0.516353448592747,-0.440499089247803,-0.159099536913298,-0.00074100544742213,0.30812137954516,0.00143507407463171,0.853096053581757,"Rescue","Rescue","Rescue"
"ENSMUSG00000049287","Iba57",0.408711282701088,-0.370448497927288,-0.208528040847178,-1.9914528380311e-05,0.510208672168431,4.87251740365474e-05,0.906381872991297,"Rescue","Rescue","Rescue"
"ENSMUSG00000049551","Fzd9",-0.400058473078255,0.140414531767062,0.180146320759069,0.000132230306085393,0.450299975833361,0.000330527447820177,0.350985021481085,"Rescue","Rescue","Rescue"
"ENSMUSG00000049775","Tmsb4x",0.403732073454362,-0.669901217205795,-0.539819019603878,-8.492793680201e-05,1.33707241781696,0.000210357170970738,1.65927173304332,"Rescue","Rescue","Rescue"
"ENSMUSG00000050503","Fbxl22",0.636046625973133,-0.451958830235619,0.0808272037967332,0.0740575285769612,0,0,0.710574998403829,"Worsening","Worsening","Rescue"
"ENSMUSG00000050947","Amigo1",-0.593443311824271,0.206357166819047,0.254415146397058,0.00381039840516658,0.428710108156707,0.00642082963822314,0.347728523866408,"Rescue","Rescue","Rescue"
"ENSMUSG00000051067","Lingo3",-0.826397084505076,1.31907546484441,1.56065802211437,0.215855219687836,1.88850862542556,0.261200364491981,1.5961763292454,"Rescue","Rescue","Rescue"
"ENSMUSG00000051279","Gdf6",0.973182945592952,-0.988498504613426,-2.25924147813262,0.00339918113413537,2.32149719470894,0,1.01573759496077,"Rescue","Worsening","Rescue"
"ENSMUSG00000051367","Six1",-0.319183742392222,0.22131254373286,0.297325207478751,-0.000191101021797862,0.931517392616411,0,0.693370351742114,"Rescue","Worsening","Rescue"
"ENSMUSG00000051403","Ppp1r37",-0.256097630459245,0.259720385386927,0.250512539798913,0.000511699115912124,0.978191556671895,0.00199806267240554,1.01414599159385,"Rescue","Rescue","Rescue"
"ENSMUSG00000051469","Zfp24",-0.401270673307279,0.0317993059830194,-0.000962184874601581,6.02921901022181e-05,0,0.000150253168529085,0.0792465238511677,"Worsening","Rescue","Rescue"
"ENSMUSG00000051627","H1f4",0.922297630965556,-0.684518958807165,-0.667924263937546,-0.00107119401994511,0.724196009522755,0.00116144071499313,0.742188785729115,"Rescue","Rescue","Rescue"
"ENSMUSG00000051747","Ttn",-0.450389261838517,0.395665379218853,0.322973287853795,0.00280583191664629,0.717098108723548,0.00622979310206623,0.878496475701313,"Rescue","Rescue","Rescue"
"ENSMUSG00000051985","Igfn1",2.72418865816494,-3.80002289622675,-2.24947359070041,0.000278598042208052,0.825740751822857,0,1.3949191385249,"Rescue","Worsening","Rescue"
"ENSMUSG00000052214","Opa3",-0.675224445968038,0.17602405859385,0.111459559899709,-0.000368366228600158,0.165070385951318,0,0.260689700506166,"Rescue","Worsening","Rescue"
"ENSMUSG00000052406","Rexo4",-0.348212701053548,0.30282796015294,0.299670359650408,0.015996048063538,0.860595718489676,0.0459375778515273,0.869663740686965,"Rescue","Rescue","Rescue"
"ENSMUSG00000052516","Robo2",3.53497084226868,-3.33360071782978,-4.23270498715816,0.00131067909782472,1.19738045263244,0,0.943034855611523,"Rescue","Worsening","Rescue"
"ENSMUSG00000052684","Jun",0.399115686986986,-0.0537000067386043,0.130862687466845,-3.27854582916437e-05,0,8.21452510151843e-05,0.13454747204751,"Worsening","Rescue","Rescue"
"ENSMUSG00000052698","Tln2",-0.505599020818615,0.0553452228142112,0.276280037107539,-0.00106240837931509,0.546441005087814,0,0.10946465585436,"Rescue","Worsening","Rescue"
"ENSMUSG00000052727","Map1b",2.11189314903672,-1.98781871530504,-2.08396490175424,0.026959024753892,0.986775729020565,0,0.941249663228334,"Rescue","Worsening","Rescue"
"ENSMUSG00000052833","Sae1",0.506031759940671,-0.225353049065236,-0.0767769689163958,-0.000638991004685707,0.151723616963088,0.0012627488139492,0.445333804920973,"Rescue","Rescue","Rescue"
"ENSMUSG00000052915","Msl1",-0.305270266541493,0.0549923193258399,-0.0171827798028023,0.000600067854040708,0,0.00196569374685283,0.180143057982246,"Worsening","Rescue","Rescue"
"ENSMUSG00000053483","Usp21",-0.540493624797581,0.174728795003986,0.253161092539668,0.00325732249837527,0.46838867458331,0.00602656969283433,0.323276329243335,"Rescue","Rescue","Rescue"
"ENSMUSG00000053799","Exoc6",-0.245592058434841,0.140231043471773,0.229669664211763,0.000875193426365413,0.935167308240537,0.00356360638020228,0.570991767264242,"Rescue","Rescue","Rescue"
"ENSMUSG00000053819","Camk2d",0.328050335182193,-0.326572462765627,-0.431228320340581,0.000225410321483892,1.31451876158299,0,0.995494982757005,"Rescue","Worsening","Rescue"
"ENSMUSG00000053886","Sh2d4a",0.782442156853489,-1.06560485188104,-1.43050667100319,0.000309766694726074,1.82825868784452,0,1.36189601051951,"Rescue","Worsening","Rescue"
"ENSMUSG00000054277","Arfgap3",1.11078926870315,-0.906888413540528,-0.708940676933055,0.000175759689884973,0.638231478199953,0,0.816436059559095,"Rescue","Worsening","Rescue"
"ENSMUSG00000054452","Tle5",-0.32058180056722,0.000123534858560466,0.0564952539103596,0.000368364623180865,0.176227264961392,0.00114905032827534,0.000385345825439529,"Rescue","Rescue","Rescue"
"ENSMUSG00000054871","Tmem158",1.85724406679043,-0.886367512004182,-1.48978431204158,0.0012565979133341,0.802147837583954,0,0.477248805288119,"Rescue","Worsening","Rescue"
"ENSMUSG00000054920","Klhl5",0.654127096194602,-0.283422587283776,-0.638742555024873,-0.000352264393449962,0.976480807385554,0.000538525915681016,0.433283667551142,"Rescue","Rescue","Rescue"
"ENSMUSG00000055239","Kcmf1",-0.302519219641813,0.113208796524545,0.095888463557625,0.000417285588321451,0.316966517602281,0.00137936885073128,0.374220178997507,"Rescue","Rescue","Rescue"
"ENSMUSG00000055435","Maf",-0.777049014316512,0.892445093382184,0.994500811161076,-0.00342284935039631,1.27984308948108,0,1.14850553432228,"Rescue","Worsening","Rescue"
"ENSMUSG00000055932","Fto",-0.299167499231009,0.06486624697902,0.16790750712971,0.000178554800423928,0.561249158285259,0.000596838897550343,0.216822506274093,"Rescue","Rescue","Rescue"
"ENSMUSG00000056201","Cfl1",0.488592027119401,-0.286743678225928,-0.408141886264058,-0.000214199462916433,0.835342911079304,0.000438401469993876,0.586877522166064,"Rescue","Rescue","Rescue"
"ENSMUSG00000056268","Dennd1b",-0.58091604507236,0.142373026397148,0.0858853088289899,0.000377002777386702,0.147844614652177,0.000648979797656891,0.24508365297332,"Rescue","Rescue","Rescue"
"ENSMUSG00000056476","Med12l",-0.934131993755353,0.296052129186826,0.298410921052326,0.0260309781694395,0.319452628801064,0.0278664881873824,0.316927512563457,"Rescue","Rescue","Rescue"
"ENSMUSG00000056569","Mpz",-0.546695708390173,0.284947292770565,0.271545896839882,-0.00376319312885462,0.496703911650394,0,0.521217358024694,"Rescue","Worsening","Rescue"
"ENSMUSG00000056851","Pcbp2",-0.365593563587079,0.0698125004450998,0.128588773045562,-6.80239561304949e-05,0.351726030906817,0,0.19095659059236,"Rescue","Worsening","Rescue"
"ENSMUSG00000057193","Slc44a2",-0.365919565702875,0.00049474278089972,0.213155980787669,0.000132233905988842,0.582521408436384,0.000361374242819841,0.00135205336710923,"Rescue","Rescue","Rescue"
"ENSMUSG00000057406","Nsd2",0.573141925489426,-0.916241577033391,-0.32187333967085,-0.000451503859296043,0.561594476614132,0.000787769728955857,1.59862947777024,"Rescue","Rescue","Rescue"
"ENSMUSG00000058586","Serhl",0.415442758084676,-0.207448087630675,-0.0479668060903494,-0.00123793435281582,0.115459483062099,0.00297979523947679,0.499342168309966,"Rescue","Rescue","Rescue"
"ENSMUSG00000058672","Tubb2a",0.387865418395024,-0.306020752286188,-0.322811746336024,-0.000717586284426802,0.832277720637767,0.00185009090884192,0.788986946947974,"Rescue","Rescue","Rescue"
"ENSMUSG00000058886","Deaf1",-0.40958315125605,0.104115014539047,0.128997137416745,0.00235342471735667,0.314947372764614,0.00574590216941181,0.254197503534417,"Rescue","Rescue","Rescue"
"ENSMUSG00000059475","Zfp426",-0.515038969957347,0.276860894709555,0.143956745150459,-2.02625700781504e-05,0.27950651027898,0,0.537553293748787,"Rescue","Worsening","Rescue"
"ENSMUSG00000059552","Trp53",0.424053044497849,-0.58214501716993,-0.416626032570272,-0.000156135250013953,0.982485653566356,0.000368197450860998,1.37281178551445,"Rescue","Rescue","Rescue"
"ENSMUSG00000059920","4930453N24Rik",-0.371304755296117,0.221154740302935,0.252821296403873,0.000468993231700247,0.680899699768853,0.00126309513953362,0.59561515749122,"Rescue","Rescue","Rescue"
"ENSMUSG00000060147","Serpinb6a",0.557841479356418,-0.205045738778293,-0.242619321974865,-0.000225322027938327,0.434925208958601,0.000403917665280613,0.367569903577007,"Rescue","Rescue","Rescue"
"ENSMUSG00000060261","Gtf2i",-0.290915090378427,0.118598502868683,0.050236347778441,0.000201048585849333,0.172683884198282,0.000691090261381098,0.407673946079622,"Rescue","Rescue","Rescue"
"ENSMUSG00000060657","Marf1",-0.278756721146969,0.138830106963418,0.0149550039903563,4.16019752448756e-05,0.0536489449611212,0.000149241155778058,0.498033218328116,"Rescue","Rescue","Rescue"
"ENSMUSG00000061273","Mmgt1",-0.297838310795349,0.0834896713924449,0.144060905205235,-0.000262130514436367,0.483688296581235,0,0.28031877823069,"Rescue","Worsening","Rescue"
"ENSMUSG00000061462","Obscn",-0.379611861620615,0.432588803081867,0.421194501735795,0.000335396726068855,1.10953988618179,0.000883525411026411,1.1395555482252,"Rescue","Rescue","Rescue"
"ENSMUSG00000061689","Dlgap4",0.332317140159086,-0.805510523299043,-0.332527429816563,-2.29027508841513e-05,1.00063279810778,6.89183557405055e-05,2.42392108608491,"Rescue","Rescue","Rescue"
"ENSMUSG00000061825","Ces2c",6.54751226964462,-5.48822081920366,-5.48147384827845,-0.000894163853601103,0.837184204097105,0.000136565433828448,0.838214667370383,"Rescue","Rescue","Rescue"
"ENSMUSG00000062300","Nectin2",0.6909333238549,-0.36758163939711,-0.352417335060011,0.000122744635824225,0.510059831958576,0,0.532007397394404,"Rescue","Worsening","Rescue"
"ENSMUSG00000062352","Itgb1bp1",-0.333079422774741,0.0680887560164472,0.26769595719719,0.0001754718215713,0.803700075396822,0.00052681675772559,0.204421982748826,"Rescue","Rescue","Rescue"
"ENSMUSG00000062929","Cfl2",0.310146849834718,-0.019813503623441,-0.211035222030349,-0.000103136219421328,0.680436451773775,0.000332539954786873,0.0638842652569255,"Rescue","Rescue","Rescue"
"ENSMUSG00000063052","Lrrc40",-0.60089944749581,0.152513383520066,0.0596438753426107,0.00045867606125877,0.0992576638090962,0.000763315831243078,0.253808493510272,"Rescue","Rescue","Rescue"
"ENSMUSG00000063235","Ptpmt1",-0.387410215424509,0.312450404131887,0.251366468384526,-0.000114457906043785,0.6488379974934,0,0.806510493765672,"Rescue","Worsening","Rescue"
"ENSMUSG00000063273","Naa15",-0.323231547581439,0.0944929893669795,-0.0781345409320945,0.000187669831320441,0,0.000580604933907812,0.292338387369729,"Worsening","Rescue","Rescue"
"ENSMUSG00000063765","Chadl",-0.653904843388591,0.137959027802716,-0.0756482962265344,0.00361612540642921,0,0.00553004835946793,0.21097722275278,"Worsening","Rescue","Rescue"
"ENSMUSG00000064145","Arih2",-0.30352966716109,0.16823456562825,0.300610465205749,0.00018845970510454,0.990382482270534,0.00062089385484853,0.55426069946225,"Rescue","Rescue","Rescue"
"ENSMUSG00000066894","Vsig10",0.553816655374113,-0.215831553463346,-0.822409900824928,-0.00025545746923176,1.48498585740325,0.00046126722039299,0.389716617167369,"Rescue","Rescue","Rescue"
"ENSMUSG00000067071","Hes6",1.02745957535763,-0.824062484082155,-0.667055384272364,0.000276701658557201,0.64922786284821,0,0.802038838165794,"Rescue","Worsening","Rescue"
"ENSMUSG00000067279","Ppp1r3c",-0.94787964517999,0.270881938878208,0.20420232993548,0.0010204788278609,0.215430651954452,0.00107659114007784,0.285776723084681,"Rescue","Rescue","Rescue"
"ENSMUSG00000067336","Bmpr2",-0.281574564636646,0.0831473365150055,-0.0336723796839908,0.000323858874598726,0,0.00115017091482196,0.295294202522525,"Worsening","Rescue","Rescue"
"ENSMUSG00000067629","Syngap1",-0.547254348028056,0.184191027199668,0.0997087401695828,0.00305268714641283,0.182198168966345,0.00557818710333266,0.336572980851355,"Rescue","Rescue","Rescue"
"ENSMUSG00000067851","Arfgef1",-0.478948436208584,0.0999117715127205,-0.000442563494176754,-7.76932744537388e-05,0,0,0.208606530389022,"Worsening","Worsening","Rescue"
"ENSMUSG00000068614","Actc1",1.10113105519929,-1.1100960574398,-1.00405994222762,-0.000881305850517148,0.91184417829892,0.000800364176776073,1.00814163055177,"Rescue","Rescue","Rescue"
"ENSMUSG00000068747","Sort1",-0.345598095415011,0.309633892000007,0.252718922432936,0.00173100153434457,0.731250911928374,0.00500871259798435,0.895936337925077,"Rescue","Rescue","Rescue"
"ENSMUSG00000070713","Hmgn2-ps",1.05314311212386,-0.858383881786482,-0.734074049222722,-0.000467754198929626,0.697031619702972,0.000444150651079427,0.815068599798741,"Rescue","Rescue","Rescue"
"ENSMUSG00000073016","Uprt",0.362287188504686,-0.287261200217804,-0.607721158682871,-0.000357008898309051,1.67745694014518,0.000985430646285283,0.792910181018142,"Rescue","Rescue","Rescue"
"ENSMUSG00000074063","Osgin1",-0.440982474536333,0.709271220168536,0.626041477198213,0.000199859569984915,1.41965160374334,0.000453214314684627,1.60838868010411,"Rescue","Rescue","Rescue"
"ENSMUSG00000074165","Zfp788",-0.436601253660994,0.237895688757541,0.11524498960899,0.00148167119392256,0.263959364849818,0.00339364850993541,0.54488091081447,"Rescue","Rescue","Rescue"
"ENSMUSG00000074207","Adh1",0.925337960503135,-0.341380171308133,-0.279610105168402,-0.000329188814982147,0.302170792838078,0.000355749822262945,0.368924853274704,"Rescue","Rescue","Rescue"
"ENSMUSG00000074466","Gm15417",-0.344831213036225,0.197489069356542,-0.0680834378874347,-0.000452958503183805,0,0,0.572712277457887,"Worsening","Worsening","Rescue"
"ENSMUSG00000074622","Mafb",-0.749900181857578,0.20610452398135,0.105301204770851,-0.000452773040115289,0.140420295018477,0,0.274842611013654,"Rescue","Worsening","Rescue"
"ENSMUSG00000074634","Tmem267",-0.357390783223051,0.166315418247258,0.267265803794477,-0.000107743466837213,0.747825115645675,0,0.465360121342186,"Rescue","Worsening","Rescue"
"ENSMUSG00000078768","Zfp566",-0.595228196631351,0.14183206364049,-0.0905644496995003,0.00389984798938297,0,0.00655185357725635,0.238281829461672,"Worsening","Rescue","Rescue"
"ENSMUSG00000078771","Evi2a",1.32199717412028,-1.22177094223407,-1.64720620815053,0.000234505336212352,1.24599828229335,0,0.92418574422982,"Rescue","Worsening","Rescue"
"ENSMUSG00000078864","Gm14322",-0.92483307410367,0.543831121207724,0.265141329880028,0.0063330529601041,0.286691011928826,0.00684777949387458,0.588031652884814,"Rescue","Rescue","Rescue"
"ENSMUSG00000078901","Zfp1009",-0.349474335573334,0.0750589377824504,-0.426606963831032,-0.000645312661849771,0,0,0.214776680694769,"Worsening","Worsening","Rescue"
"ENSMUSG00000078915",NA,0.841718881990201,-0.23846940162186,-0.175721077904347,-0.000579990912127258,0.208764566964285,0.000689055365796119,0.283312405987628,"Rescue","Rescue","Rescue"
"ENSMUSG00000079471","Mymx",3.35382439584979,-2.63404494080904,-2.00436492376663,-0.00147453013830613,0.597635620471644,0.000439656333864944,0.78538546742893,"Rescue","Rescue","Rescue"
"ENSMUSG00000079523","Tmsb10",0.385280292147362,-0.835874864262235,-0.843774725621404,0.000386083874500697,2.1900282542837,0,2.16952406156951,"Rescue","Worsening","Rescue"
"ENSMUSG00000087249","Gm16062",-0.414587631174287,0.474688970319522,0.741564979382881,-0.136447277174529,1.78868090512603,0,1.14496655140194,"Rescue","Worsening","Rescue"
"ENSMUSG00000091264","Smim13",-0.356480840526463,0.129813688600485,-0.120063702856044,0.000127638128820365,0,0.000358050459687721,0.364153339654305,"Worsening","Rescue","Rescue"
"ENSMUSG00000092124",NA,0.531504317711613,-0.236681245491268,-0.0342715916584094,-0.0141023405168375,0.0644803635950981,0.0265328804431071,0.445304464336803,"Rescue","Rescue","Rescue"
"ENSMUSG00000093803","Ppp2r3d",0.498819589624505,-0.333260131658802,-1.05952623957225,0.000292062194367107,2.12406702064333,0,0.668097521810781,"Rescue","Worsening","Rescue"
"ENSMUSG00000097431","Gm26782",0.512440940538909,-0.421510632555008,-0.556645740887189,0.00152709142240689,1.08626320976968,0,0.822554560359144,"Rescue","Worsening","Rescue"
"ENSMUSG00000097603",NA,4.51262184676867,-2.07051982878533,-0.880105102766406,0.00317995927114049,0.195031875626055,0,0.458828569973787,"Rescue","Worsening","Rescue"
"ENSMUSG00000100335","2310008N11Rik",1.79464773913973,-1.62830412012799,-1.03106625448685,0.00051271171754431,0.574522917227806,0,0.90731127040481,"Rescue","Worsening","Rescue"
"ENSMUSG00000104876",NA,1.89054231526659,-1.53687636068697,-1.95954119862948,0.00197140237808397,1.03649687330757,0,0.812928834375364,"Rescue","Worsening","Rescue"
"ENSMUSG00000107928",NA,-0.485067257403395,0.407834533314541,0.179402765803071,0.00736229280009751,0.36985132074968,0.0151778803613925,0.84077934985287,"Rescue","Rescue","Rescue"
"ENSMUSG00000111000",NA,0.50235581904592,-0.276804073509824,0.0351539552377994,-0.00226779325196171,0,0.00451431667750704,0.551011977995065,"Worsening","Rescue","Rescue"
"ENSMUSG00000111293",NA,3.96578438963983,-3.03128734034043,-2.8158720864152,0.0100573828353091,0.710041648701668,0,0.764360096897686,"Rescue","Worsening","Rescue"
"ENSMUSG00000114147","Gm18939",-1.12118592786232,0.288979608349693,0.0248849724970285,0.0320064006871756,0.0221952237167968,0.0285469161642083,0.257744590944581,"Rescue","Rescue","Rescue"
"ENSMUSG00000117098",NA,0.969088806649149,-0.532943868712146,-0.358626020748987,0.000429686741518165,0.370065176987257,0,0.549943271509784,"Rescue","Worsening","Rescue"
"ENSMUSG00000118462","Saxo3",-0.727281488921819,0.397216758668406,0.298123033202124,0.001171614744023,0.409914232306512,0.00161095086547562,0.546166463355574,"Rescue","Rescue","Rescue"
"ENSMUSG00000118667","Ahnak2",0.82415854651791,-1.17232048494438,-1.31966322006284,0.00198474539857194,1.60122494104861,0,1.42244534124831,"Rescue","Worsening","Rescue"
"ENSMUSG00000118671",NA,0.841401943234077,-0.195792537666,-0.175441665796784,0.00174744211257172,0.20851112504262,0,0.232697986070054,"Rescue","Worsening","Rescue"
"ENSMUSG00000119994","A430046D13Rik",-0.407530167669113,0.0474330582843892,0.0620002128780591,-0.00127409060756983,0.152136498833135,0,0.116391526437625,"Rescue","Worsening","Rescue"
"ENSMUSG00000120312",NA,-1.05460067744203,0.967831645926649,1.43821625234399,0.00496204008078152,1.36375434143702,0.00470513644350876,0.917723330383363,"Rescue","Rescue","Rescue"
"ENSMUSG00000121583","Zftraf1",-0.332646829898497,0.0946772007355828,0.210136232981803,0.00294644707319217,0.631709711605919,0.0088575835040762,0.28461777544813,"Rescue","Rescue","Rescue"
